Mes;Magnitud;Tipo Estación;Zona;Estación;Concentraciones medias mensuales
Ene 2010;Benceno;Suburbana;Noroeste;Casa de Campo;0,8
Ene 2010;Benceno;Urbana de Fondo;Noreste;Urbanización Embajada;0,5
Ene 2010;Benceno;Urbana de Fondo;Suroeste;Farolillo;2,1
Ene 2010;Benceno;Urbana de Tráfico;Interior M-30;Cuatro Caminos;1,2
Ene 2010;Benceno;Urbana de Tráfico;Interior M-30;Escuelas Aguirre;1,0
Ene 2010;Benceno;Urbana de Tráfico;Interior M-30;Ramón y Cajal;0,4
Feb 2010;Benceno;Suburbana;Noroeste;Casa de Campo;0,7
Feb 2010;Benceno;Urbana de Fondo;Noreste;Urbanización Embajada;0,4
Feb 2010;Benceno;Urbana de Fondo;Suroeste;Farolillo;1,9
Feb 2010;Benceno;Urbana de Tráfico;Interior M-30;Cuatro Caminos;1,2
Feb 2010;Benceno;Urbana de Tráfico;Interior M-30;Escuelas Aguirre;1,0
Feb 2010;Benceno;Urbana de Tráfico;Interior M-30;Ramón y Cajal;0,5
Mar 2010;Benceno;Suburbana;Noroeste;Casa de Campo;0,5
Mar 2010;Benceno;Urbana de Fondo;Noreste;Urbanización Embajada;0,5
Mar 2010;Benceno;Urbana de Fondo;Suroeste;Farolillo;1,4
Mar 2010;Benceno;Urbana de Tráfico;Interior M-30;Cuatro Caminos;0,9
Mar 2010;Benceno;Urbana de Tráfico;Interior M-30;Escuelas Aguirre;0,8
Mar 2010;Benceno;Urbana de Tráfico;Interior M-30;Ramón y Cajal;0,7
Abr 2010;Benceno;Suburbana;Noroeste;Casa de Campo;0,4
Abr 2010;Benceno;Urbana de Fondo;Noreste;Urbanización Embajada;0,4
Abr 2010;Benceno;Urbana de Fondo;Suroeste;Farolillo;0,2
Abr 2010;Benceno;Urbana de Tráfico;Interior M-30;Cuatro Caminos;0,5
Abr 2010;Benceno;Urbana de Tráfico;Interior M-30;Escuelas Aguirre;0,7
Abr 2010;Benceno;Urbana de Tráfico;Interior M-30;Ramón y Cajal;1,5
May 2010;Benceno;Suburbana;Noroeste;Casa de Campo;0,4
May 2010;Benceno;Urbana de Fondo;Noreste;Urbanización Embajada;0,2
May 2010;Benceno;Urbana de Fondo;Suroeste;Farolillo;0,2
May 2010;Benceno;Urbana de Tráfico;Interior M-30;Cuatro Caminos;0,5
May 2010;Benceno;Urbana de Tráfico;Interior M-30;Escuelas Aguirre;0,6
May 2010;Benceno;Urbana de Tráfico;Interior M-30;Ramón y Cajal;1,2
Jun 2010;Benceno;Suburbana;Noroeste;Casa de Campo;0,4
Jun 2010;Benceno;Urbana de Fondo;Noreste;Urbanización Embajada;0,2
Jun 2010;Benceno;Urbana de Fondo;Suroeste;Farolillo;0,2
Jun 2010;Benceno;Urbana de Tráfico;Interior M-30;Cuatro Caminos;0,5
Jun 2010;Benceno;Urbana de Tráfico;Interior M-30;Escuelas Aguirre;0,6
Jun 2010;Benceno;Urbana de Tráfico;Interior M-30;Ramón y Cajal;1,2
Jul 2010;Benceno;Suburbana;Noroeste;Casa de Campo;0,8
Jul 2010;Benceno;Urbana de Fondo;Noreste;Urbanización Embajada;0,2
Jul 2010;Benceno;Urbana de Fondo;Suroeste;Farolillo;0,3
Jul 2010;Benceno;Urbana de Tráfico;Interior M-30;Cuatro Caminos;0,5
Jul 2010;Benceno;Urbana de Tráfico;Interior M-30;Escuelas Aguirre;0,7
Jul 2010;Benceno;Urbana de Tráfico;Interior M-30;Ramón y Cajal;1,3
Ago 2010;Benceno;Suburbana;Noroeste;Casa de Campo;0,6
Ago 2010;Benceno;Urbana de Fondo;Noreste;Urbanización Embajada;0,2
Ago 2010;Benceno;Urbana de Fondo;Suroeste;Farolillo;0,2
Ago 2010;Benceno;Urbana de Tráfico;Interior M-30;Cuatro Caminos;0,4
Ago 2010;Benceno;Urbana de Tráfico;Interior M-30;Escuelas Aguirre;0,6
Ago 2010;Benceno;Urbana de Tráfico;Interior M-30;Ramón y Cajal;1,1
Sep 2010;Benceno;Suburbana;Noroeste;Casa de Campo;0,6
Sep 2010;Benceno;Urbana de Fondo;Noreste;Urbanización Embajada;0,3
Sep 2010;Benceno;Urbana de Fondo;Suroeste;Farolillo;0,2
Sep 2010;Benceno;Urbana de Tráfico;Interior M-30;Cuatro Caminos;0,7
Sep 2010;Benceno;Urbana de Tráfico;Interior M-30;Escuelas Aguirre;0,9
Sep 2010;Benceno;Urbana de Tráfico;Interior M-30;Ramón y Cajal;1,8
Oct 2010;Benceno;Suburbana;Noroeste;Casa de Campo;0,8
Oct 2010;Benceno;Urbana de Fondo;Noreste;Urbanización Embajada;0,4
Oct 2010;Benceno;Urbana de Fondo;Suroeste;Farolillo;0,3
Oct 2010;Benceno;Urbana de Tráfico;Interior M-30;Cuatro Caminos;0,8
Oct 2010;Benceno;Urbana de Tráfico;Interior M-30;Escuelas Aguirre;1,2
Oct 2010;Benceno;Urbana de Tráfico;Interior M-30;Ramón y Cajal;2,2
Nov 2010;Benceno;Suburbana;Noroeste;Casa de Campo;0,6
Nov 2010;Benceno;Urbana de Fondo;Noreste;Urbanización Embajada;0,5
Nov 2010;Benceno;Urbana de Fondo;Suroeste;Farolillo;0,6
Nov 2010;Benceno;Urbana de Tráfico;Interior M-30;Cuatro Caminos;1,0
Nov 2010;Benceno;Urbana de Tráfico;Interior M-30;Escuelas Aguirre;1,1
Nov 2010;Benceno;Urbana de Tráfico;Interior M-30;Ramón y Cajal;2,1
Dic 2010;Benceno;Suburbana;Noroeste;Casa de Campo;0,8
Dic 2010;Benceno;Urbana de Fondo;Noreste;Urbanización Embajada;0,5
Dic 2010;Benceno;Urbana de Fondo;Suroeste;Farolillo;0,4
Dic 2010;Benceno;Urbana de Tráfico;Interior M-30;Cuatro Caminos;1,2
Dic 2010;Benceno;Urbana de Tráfico;Interior M-30;Escuelas Aguirre;1,5
Dic 2010;Benceno;Urbana de Tráfico;Interior M-30;Ramón y Cajal;2,4
Ene 2011;Benceno;Suburbana;Noroeste;Casa de Campo;0,9
Ene 2011;Benceno;Urbana de Fondo;Noreste;Urbanización Embajada;0,4
Ene 2011;Benceno;Urbana de Fondo;Suroeste;Farolillo;0,5
Ene 2011;Benceno;Urbana de Tráfico;Interior M-30;Cuatro Caminos;1,6
Ene 2011;Benceno;Urbana de Tráfico;Interior M-30;Escuelas Aguirre;1,4
Ene 2011;Benceno;Urbana de Tráfico;Interior M-30;Ramón y Cajal;2,2
Feb 2011;Benceno;Suburbana;Noroeste;Casa de Campo;0,9
Feb 2011;Benceno;Urbana de Fondo;Noreste;Urbanización Embajada;0,5
Feb 2011;Benceno;Urbana de Fondo;Suroeste;Farolillo;0,5
Feb 2011;Benceno;Urbana de Tráfico;Interior M-30;Cuatro Caminos;1,0
Feb 2011;Benceno;Urbana de Tráfico;Interior M-30;Escuelas Aguirre;1,6
Feb 2011;Benceno;Urbana de Tráfico;Interior M-30;Ramón y Cajal;2,4
Mar 2011;Benceno;Suburbana;Noroeste;Casa de Campo;0,8
Mar 2011;Benceno;Urbana de Fondo;Noreste;Urbanización Embajada;0,4
Mar 2011;Benceno;Urbana de Fondo;Suroeste;Farolillo;0,2
Mar 2011;Benceno;Urbana de Tráfico;Interior M-30;Cuatro Caminos;0,3
Mar 2011;Benceno;Urbana de Tráfico;Interior M-30;Escuelas Aguirre;1,1
Mar 2011;Benceno;Urbana de Tráfico;Interior M-30;Ramón y Cajal;1,9
Abr 2011;Benceno;Suburbana;Noroeste;Casa de Campo;0,7
Abr 2011;Benceno;Urbana de Fondo;Noreste;Urbanización Embajada;0,3
Abr 2011;Benceno;Urbana de Fondo;Suroeste;Farolillo;0,2
Abr 2011;Benceno;Urbana de Tráfico;Interior M-30;Cuatro Caminos;0,3
Abr 2011;Benceno;Urbana de Tráfico;Interior M-30;Escuelas Aguirre;0,9
Abr 2011;Benceno;Urbana de Tráfico;Interior M-30;Ramón y Cajal;1,4
May 2011;Benceno;Suburbana;Noroeste;Casa de Campo;0,5
May 2011;Benceno;Urbana de Fondo;Noreste;Urbanización Embajada;0,2
May 2011;Benceno;Urbana de Fondo;Suroeste;Farolillo;0,2
May 2011;Benceno;Urbana de Tráfico;Interior M-30;Cuatro Caminos;0,2
May 2011;Benceno;Urbana de Tráfico;Interior M-30;Escuelas Aguirre;0,7
May 2011;Benceno;Urbana de Tráfico;Interior M-30;Ramón y Cajal;1,2
Jun 2011;Benceno;Suburbana;Noroeste;Casa de Campo;0,7
Jun 2011;Benceno;Urbana de Fondo;Noreste;Urbanización Embajada;0,3
Jun 2011;Benceno;Urbana de Fondo;Suroeste;Farolillo;0,2
Jun 2011;Benceno;Urbana de Tráfico;Interior M-30;Cuatro Caminos;0,2
Jun 2011;Benceno;Urbana de Tráfico;Interior M-30;Escuelas Aguirre;0,8
Jun 2011;Benceno;Urbana de Tráfico;Interior M-30;Ramón y Cajal;1,3
Jul 2011;Benceno;Suburbana;Noroeste;Casa de Campo;0,6
Jul 2011;Benceno;Urbana de Fondo;Noreste;Urbanización Embajada;0,2
Jul 2011;Benceno;Urbana de Fondo;Suroeste;Farolillo;0,2
Jul 2011;Benceno;Urbana de Tráfico;Interior M-30;Cuatro Caminos;0,2
Jul 2011;Benceno;Urbana de Tráfico;Interior M-30;Escuelas Aguirre;0,6
Jul 2011;Benceno;Urbana de Tráfico;Interior M-30;Ramón y Cajal;1,0
Ago 2011;Benceno;Suburbana;Noroeste;Casa de Campo;0,6
Ago 2011;Benceno;Urbana de Fondo;Noreste;Urbanización Embajada;0,3
Ago 2011;Benceno;Urbana de Fondo;Suroeste;Farolillo;0,2
Ago 2011;Benceno;Urbana de Tráfico;Interior M-30;Cuatro Caminos;0,3
Ago 2011;Benceno;Urbana de Tráfico;Interior M-30;Escuelas Aguirre;0,6
Ago 2011;Benceno;Urbana de Tráfico;Interior M-30;Ramón y Cajal;1,0
Sep 2011;Benceno;Suburbana;Noroeste;Casa de Campo;0,7
Sep 2011;Benceno;Urbana de Fondo;Noreste;Urbanización Embajada;0,5
Sep 2011;Benceno;Urbana de Fondo;Suroeste;Farolillo;0,3
Sep 2011;Benceno;Urbana de Tráfico;Interior M-30;Cuatro Caminos;0,6
Sep 2011;Benceno;Urbana de Tráfico;Interior M-30;Escuelas Aguirre;1,2
Sep 2011;Benceno;Urbana de Tráfico;Interior M-30;Ramón y Cajal;1,8
Oct 2011;Benceno;Suburbana;Noroeste;Casa de Campo;0,7
Oct 2011;Benceno;Urbana de Fondo;Noreste;Urbanización Embajada;0,6
Oct 2011;Benceno;Urbana de Fondo;Suroeste;Farolillo;0,4
Oct 2011;Benceno;Urbana de Tráfico;Interior M-30;Cuatro Caminos;0,7
Oct 2011;Benceno;Urbana de Tráfico;Interior M-30;Escuelas Aguirre;1,4
Oct 2011;Benceno;Urbana de Tráfico;Interior M-30;Ramón y Cajal;1,9
Nov 2011;Benceno;Suburbana;Noroeste;Casa de Campo;0,8
Nov 2011;Benceno;Urbana de Fondo;Noreste;Urbanización Embajada;0,7
Nov 2011;Benceno;Urbana de Fondo;Suroeste;Farolillo;0,3
Nov 2011;Benceno;Urbana de Tráfico;Interior M-30;Cuatro Caminos;0,6
Nov 2011;Benceno;Urbana de Tráfico;Interior M-30;Escuelas Aguirre;1,3
Nov 2011;Benceno;Urbana de Tráfico;Interior M-30;Ramón y Cajal;2,1
Dic 2011;Benceno;Suburbana;Noroeste;Casa de Campo;1,0
Dic 2011;Benceno;Urbana de Fondo;Noreste;Urbanización Embajada;1,2
Dic 2011;Benceno;Urbana de Fondo;Suroeste;Farolillo;0,5
Dic 2011;Benceno;Urbana de Tráfico;Interior M-30;Cuatro Caminos;0,8
Dic 2011;Benceno;Urbana de Tráfico;Interior M-30;Escuelas Aguirre;1,8
Dic 2011;Benceno;Urbana de Tráfico;Interior M-30;Ramón y Cajal;2,4
Ene 2012;Benceno;Suburbana;Noroeste;Casa de Campo;1,0
Ene 2012;Benceno;Urbana de Fondo;Noreste;Urbanización Embajada;1,4
Ene 2012;Benceno;Urbana de Fondo;Suroeste;Farolillo;0,8
Ene 2012;Benceno;Urbana de Tráfico;Interior M-30;Cuatro Caminos;1,0
Ene 2012;Benceno;Urbana de Tráfico;Interior M-30;Escuelas Aguirre;1,9
Ene 2012;Benceno;Urbana de Tráfico;Interior M-30;Ramón y Cajal;2,4
Feb 2012;Benceno;Suburbana;Noroeste;Casa de Campo;0,7
Feb 2012;Benceno;Urbana de Fondo;Noreste;Urbanización Embajada;0,7
Feb 2012;Benceno;Urbana de Fondo;Suroeste;Farolillo;0,5
Feb 2012;Benceno;Urbana de Tráfico;Interior M-30;Cuatro Caminos;0,4
Feb 2012;Benceno;Urbana de Tráfico;Interior M-30;Escuelas Aguirre;1,3
Feb 2012;Benceno;Urbana de Tráfico;Interior M-30;Ramón y Cajal;2,0
Mar 2012;Benceno;Suburbana;Noroeste;Casa de Campo;0,6
Mar 2012;Benceno;Urbana de Fondo;Noreste;Urbanización Embajada;0,5
Mar 2012;Benceno;Urbana de Fondo;Suroeste;Farolillo;0,2
Mar 2012;Benceno;Urbana de Tráfico;Interior M-30;Cuatro Caminos;0,3
Mar 2012;Benceno;Urbana de Tráfico;Interior M-30;Escuelas Aguirre;1,0
Mar 2012;Benceno;Urbana de Tráfico;Interior M-30;Ramón y Cajal;1,6
Abr 2012;Benceno;Suburbana;Noroeste;Casa de Campo;0,4
Abr 2012;Benceno;Urbana de Fondo;Noreste;Urbanización Embajada;0,3
Abr 2012;Benceno;Urbana de Fondo;Suroeste;Farolillo;0,2
Abr 2012;Benceno;Urbana de Tráfico;Interior M-30;Cuatro Caminos;0,2
Abr 2012;Benceno;Urbana de Tráfico;Interior M-30;Escuelas Aguirre;0,7
Abr 2012;Benceno;Urbana de Tráfico;Interior M-30;Ramón y Cajal;1,1
May 2012;Benceno;Suburbana;Noroeste;Casa de Campo;0,5
May 2012;Benceno;Urbana de Fondo;Noreste;Urbanización Embajada;0,3
May 2012;Benceno;Urbana de Fondo;Suroeste;Farolillo;0,2
May 2012;Benceno;Urbana de Tráfico;Interior M-30;Cuatro Caminos;0,3
May 2012;Benceno;Urbana de Tráfico;Interior M-30;Escuelas Aguirre;0,8
May 2012;Benceno;Urbana de Tráfico;Interior M-30;Ramón y Cajal;1,3
Jun 2012;Benceno;Suburbana;Noroeste;Casa de Campo;0,5
Jun 2012;Benceno;Urbana de Fondo;Noreste;Urbanización Embajada;0,3
Jun 2012;Benceno;Urbana de Fondo;Suroeste;Farolillo;0,2
Jun 2012;Benceno;Urbana de Tráfico;Interior M-30;Cuatro Caminos;0,2
Jun 2012;Benceno;Urbana de Tráfico;Interior M-30;Escuelas Aguirre;0,8
Jun 2012;Benceno;Urbana de Tráfico;Interior M-30;Ramón y Cajal;1,5
Jul 2012;Benceno;Suburbana;Noroeste;Casa de Campo;0,5
Jul 2012;Benceno;Urbana de Fondo;Noreste;Urbanización Embajada;0,3
Jul 2012;Benceno;Urbana de Fondo;Suroeste;Farolillo;0,2
Jul 2012;Benceno;Urbana de Tráfico;Interior M-30;Cuatro Caminos;0,2
Jul 2012;Benceno;Urbana de Tráfico;Interior M-30;Escuelas Aguirre;0,9
Jul 2012;Benceno;Urbana de Tráfico;Interior M-30;Ramón y Cajal;1,4
Ago 2012;Benceno;Suburbana;Noroeste;Casa de Campo;0,6
Ago 2012;Benceno;Urbana de Fondo;Noreste;Urbanización Embajada;0,6
Ago 2012;Benceno;Urbana de Fondo;Suroeste;Farolillo;0,2
Ago 2012;Benceno;Urbana de Tráfico;Interior M-30;Cuatro Caminos;0,3
Ago 2012;Benceno;Urbana de Tráfico;Interior M-30;Escuelas Aguirre;0,9
Ago 2012;Benceno;Urbana de Tráfico;Interior M-30;Ramón y Cajal;1,3
Sep 2012;Benceno;Suburbana;Noroeste;Casa de Campo;0,6
Sep 2012;Benceno;Urbana de Fondo;Noreste;Urbanización Embajada;0,4
Sep 2012;Benceno;Urbana de Fondo;Suroeste;Farolillo;0,3
Sep 2012;Benceno;Urbana de Tráfico;Interior M-30;Cuatro Caminos;0,6
Sep 2012;Benceno;Urbana de Tráfico;Interior M-30;Escuelas Aguirre;1,0
Sep 2012;Benceno;Urbana de Tráfico;Interior M-30;Ramón y Cajal;1,5
Oct 2012;Benceno;Suburbana;Noroeste;Casa de Campo;0,5
Oct 2012;Benceno;Urbana de Fondo;Noreste;Urbanización Embajada;0,6
Oct 2012;Benceno;Urbana de Fondo;Suroeste;Farolillo;0,7
Oct 2012;Benceno;Urbana de Tráfico;Interior M-30;Cuatro Caminos;0,9
Oct 2012;Benceno;Urbana de Tráfico;Interior M-30;Escuelas Aguirre;1,4
Oct 2012;Benceno;Urbana de Tráfico;Interior M-30;Ramón y Cajal;2,3
Nov 2012;Benceno;Suburbana;Noroeste;Casa de Campo;0,6
Nov 2012;Benceno;Urbana de Fondo;Noreste;Urbanización Embajada;0,6
Nov 2012;Benceno;Urbana de Fondo;Suroeste;Farolillo;0,4
Nov 2012;Benceno;Urbana de Tráfico;Interior M-30;Cuatro Caminos;0,9
Nov 2012;Benceno;Urbana de Tráfico;Interior M-30;Escuelas Aguirre;1,3
Nov 2012;Benceno;Urbana de Tráfico;Interior M-30;Ramón y Cajal;2,0
Dic 2012;Benceno;Suburbana;Noroeste;Casa de Campo;0,8
Dic 2012;Benceno;Urbana de Fondo;Noreste;Urbanización Embajada;1,0
Dic 2012;Benceno;Urbana de Fondo;Suroeste;Farolillo;0,5
Dic 2012;Benceno;Urbana de Tráfico;Interior M-30;Cuatro Caminos;1,1
Dic 2012;Benceno;Urbana de Tráfico;Interior M-30;Escuelas Aguirre;1,7
Dic 2012;Benceno;Urbana de Tráfico;Interior M-30;Ramón y Cajal;2,7
Ene 2013;Benceno;Suburbana;Noroeste;Casa de Campo;0,7
Ene 2013;Benceno;Urbana de Fondo;Noreste;Urbanización Embajada;0,7
Ene 2013;Benceno;Urbana de Fondo;Suroeste;Farolillo;0,5
Ene 2013;Benceno;Urbana de Tráfico;Interior M-30;Cuatro Caminos;1,1
Ene 2013;Benceno;Urbana de Tráfico;Interior M-30;Escuelas Aguirre;1,7
Ene 2013;Benceno;Urbana de Tráfico;Interior M-30;Ramón y Cajal;2,5
Feb 2013;Benceno;Suburbana;Noroeste;Casa de Campo;0,7
Feb 2013;Benceno;Urbana de Fondo;Noreste;Urbanización Embajada;0,5
Feb 2013;Benceno;Urbana de Fondo;Suroeste;Farolillo;0,4
Feb 2013;Benceno;Urbana de Tráfico;Interior M-30;Cuatro Caminos;0,9
Feb 2013;Benceno;Urbana de Tráfico;Interior M-30;Escuelas Aguirre;0,5
Feb 2013;Benceno;Urbana de Tráfico;Interior M-30;Ramón y Cajal;2,4
Mar 2013;Benceno;Suburbana;Noroeste;Casa de Campo;0,6
Mar 2013;Benceno;Urbana de Fondo;Noreste;Urbanización Embajada;0,3
Mar 2013;Benceno;Urbana de Fondo;Suroeste;Farolillo;0,2
Mar 2013;Benceno;Urbana de Tráfico;Interior M-30;Cuatro Caminos;0,6
Mar 2013;Benceno;Urbana de Tráfico;Interior M-30;Escuelas Aguirre;0,3
Mar 2013;Benceno;Urbana de Tráfico;Interior M-30;Ramón y Cajal;1,7
Abr 2013;Benceno;Suburbana;Noroeste;Casa de Campo;0,4
Abr 2013;Benceno;Urbana de Fondo;Noreste;Urbanización Embajada;0,3
Abr 2013;Benceno;Urbana de Fondo;Suroeste;Farolillo;0,2
Abr 2013;Benceno;Urbana de Tráfico;Interior M-30;Cuatro Caminos;0,5
Abr 2013;Benceno;Urbana de Tráfico;Interior M-30;Escuelas Aguirre;0,3
Abr 2013;Benceno;Urbana de Tráfico;Interior M-30;Ramón y Cajal;1,4
May 2013;Benceno;Suburbana;Noroeste;Casa de Campo;0,4
May 2013;Benceno;Urbana de Fondo;Noreste;Urbanización Embajada;0,2
May 2013;Benceno;Urbana de Fondo;Suroeste;Farolillo;0,2
May 2013;Benceno;Urbana de Tráfico;Interior M-30;Cuatro Caminos;0,5
May 2013;Benceno;Urbana de Tráfico;Interior M-30;Escuelas Aguirre;0,2
May 2013;Benceno;Urbana de Tráfico;Interior M-30;Ramón y Cajal;1,3
Jun 2013;Benceno;Suburbana;Noroeste;Casa de Campo;0,4
Jun 2013;Benceno;Urbana de Fondo;Noreste;Urbanización Embajada;0,2
Jun 2013;Benceno;Urbana de Fondo;Suroeste;Farolillo;0,2
Jun 2013;Benceno;Urbana de Tráfico;Interior M-30;Cuatro Caminos;0,4
Jun 2013;Benceno;Urbana de Tráfico;Interior M-30;Escuelas Aguirre;0,3
Jun 2013;Benceno;Urbana de Tráfico;Interior M-30;Ramón y Cajal;1,2
Jul 2013;Benceno;Suburbana;Noroeste;Casa de Campo;0,6
Jul 2013;Benceno;Urbana de Fondo;Noreste;Urbanización Embajada;0,2
Jul 2013;Benceno;Urbana de Fondo;Suroeste;Farolillo;0,2
Jul 2013;Benceno;Urbana de Tráfico;Interior M-30;Cuatro Caminos;0,5
Jul 2013;Benceno;Urbana de Tráfico;Interior M-30;Escuelas Aguirre;0,3
Jul 2013;Benceno;Urbana de Tráfico;Interior M-30;Ramón y Cajal;1,4
Ago 2013;Benceno;Suburbana;Noroeste;Casa de Campo;0,6
Ago 2013;Benceno;Urbana de Fondo;Noreste;Urbanización Embajada;0,2
Ago 2013;Benceno;Urbana de Fondo;Suroeste;Farolillo;0,2
Ago 2013;Benceno;Urbana de Tráfico;Interior M-30;Cuatro Caminos;0,4
Ago 2013;Benceno;Urbana de Tráfico;Interior M-30;Escuelas Aguirre;0,2
Ago 2013;Benceno;Urbana de Tráfico;Interior M-30;Ramón y Cajal;1,2
Sep 2013;Benceno;Suburbana;Noroeste;Casa de Campo;0,5
Sep 2013;Benceno;Urbana de Fondo;Noreste;Urbanización Embajada;0,3
Sep 2013;Benceno;Urbana de Fondo;Suroeste;Farolillo;0,3
Sep 2013;Benceno;Urbana de Tráfico;Interior M-30;Cuatro Caminos;0,6
Sep 2013;Benceno;Urbana de Tráfico;Interior M-30;Escuelas Aguirre;0,4
Sep 2013;Benceno;Urbana de Tráfico;Interior M-30;Ramón y Cajal;1,8
Oct 2013;Benceno;Suburbana;Noroeste;Casa de Campo;0,6
Oct 2013;Benceno;Urbana de Fondo;Noreste;Urbanización Embajada;0,5
Oct 2013;Benceno;Urbana de Fondo;Suroeste;Farolillo;0,4
Oct 2013;Benceno;Urbana de Tráfico;Interior M-30;Cuatro Caminos;0,7
Oct 2013;Benceno;Urbana de Tráfico;Interior M-30;Escuelas Aguirre;0,8
Oct 2013;Benceno;Urbana de Tráfico;Interior M-30;Ramón y Cajal;2,1
Nov 2013;Benceno;Suburbana;Noroeste;Casa de Campo;
Nov 2013;Benceno;Urbana de Fondo;Noreste;Urbanización Embajada;0,5
Nov 2013;Benceno;Urbana de Fondo;Suroeste;Farolillo;0,4
Nov 2013;Benceno;Urbana de Tráfico;Interior M-30;Cuatro Caminos;0,8
Nov 2013;Benceno;Urbana de Tráfico;Interior M-30;Escuelas Aguirre;0,7
Nov 2013;Benceno;Urbana de Tráfico;Interior M-30;Ramón y Cajal;2,0
Dic 2013;Benceno;Suburbana;Noroeste;Casa de Campo;0,2
Dic 2013;Benceno;Urbana de Fondo;Noreste;Urbanización Embajada;0,9
Dic 2013;Benceno;Urbana de Fondo;Suroeste;Farolillo;0,8
Dic 2013;Benceno;Urbana de Tráfico;Interior M-30;Cuatro Caminos;1,3
Dic 2013;Benceno;Urbana de Tráfico;Interior M-30;Escuelas Aguirre;1,0
Dic 2013;Benceno;Urbana de Tráfico;Interior M-30;Ramón y Cajal;2,5
Ene 2014;Benceno;Suburbana;Noroeste;Casa de Campo;0,1
Ene 2014;Benceno;Urbana de Fondo;Noreste;Urbanización Embajada;0,7
Ene 2014;Benceno;Urbana de Fondo;Suroeste;Farolillo;0,4
Ene 2014;Benceno;Urbana de Tráfico;Interior M-30;Cuatro Caminos;0,8
Ene 2014;Benceno;Urbana de Tráfico;Interior M-30;Escuelas Aguirre;0,8
Ene 2014;Benceno;Urbana de Tráfico;Interior M-30;Ramón y Cajal;2,1
Feb 2014;Benceno;Suburbana;Noroeste;Casa de Campo;0,3
Feb 2014;Benceno;Urbana de Fondo;Noreste;Urbanización Embajada;0,6
Feb 2014;Benceno;Urbana de Fondo;Suroeste;Farolillo;0,3
Feb 2014;Benceno;Urbana de Tráfico;Interior M-30;Cuatro Caminos;0,6
Feb 2014;Benceno;Urbana de Tráfico;Interior M-30;Escuelas Aguirre;0,7
Feb 2014;Benceno;Urbana de Tráfico;Interior M-30;Ramón y Cajal;2,0
Mar 2014;Benceno;Suburbana;Noroeste;Casa de Campo;0,2
Mar 2014;Benceno;Urbana de Fondo;Noreste;Urbanización Embajada;0,4
Mar 2014;Benceno;Urbana de Fondo;Suroeste;Farolillo;0,3
Mar 2014;Benceno;Urbana de Tráfico;Interior M-30;Cuatro Caminos;0,6
Mar 2014;Benceno;Urbana de Tráfico;Interior M-30;Escuelas Aguirre;0,7
Mar 2014;Benceno;Urbana de Tráfico;Interior M-30;Ramón y Cajal;1,9
Abr 2014;Benceno;Suburbana;Noroeste;Casa de Campo;0,2
Abr 2014;Benceno;Urbana de Fondo;Noreste;Urbanización Embajada;0,1
Abr 2014;Benceno;Urbana de Fondo;Suroeste;Farolillo;0,2
Abr 2014;Benceno;Urbana de Tráfico;Interior M-30;Cuatro Caminos;0,4
Abr 2014;Benceno;Urbana de Tráfico;Interior M-30;Escuelas Aguirre;0,5
Abr 2014;Benceno;Urbana de Tráfico;Interior M-30;Ramón y Cajal;1,5
May 2014;Benceno;Suburbana;Noroeste;Casa de Campo;0,2
May 2014;Benceno;Urbana de Fondo;Noreste;Urbanización Embajada;0,1
May 2014;Benceno;Urbana de Fondo;Suroeste;Farolillo;0,2
May 2014;Benceno;Urbana de Tráfico;Interior M-30;Cuatro Caminos;0,3
May 2014;Benceno;Urbana de Tráfico;Interior M-30;Escuelas Aguirre;0,4
May 2014;Benceno;Urbana de Tráfico;Interior M-30;Ramón y Cajal;1,2
Jun 2014;Benceno;Suburbana;Noroeste;Casa de Campo;0,2
Jun 2014;Benceno;Urbana de Fondo;Noreste;Urbanización Embajada;
Jun 2014;Benceno;Urbana de Fondo;Suroeste;Farolillo;0,2
Jun 2014;Benceno;Urbana de Tráfico;Interior M-30;Cuatro Caminos;0,3
Jun 2014;Benceno;Urbana de Tráfico;Interior M-30;Escuelas Aguirre;0,4
Jun 2014;Benceno;Urbana de Tráfico;Interior M-30;Ramón y Cajal;1,2
Jul 2014;Benceno;Suburbana;Noroeste;Casa de Campo;0,1
Jul 2014;Benceno;Urbana de Fondo;Noreste;Urbanización Embajada;
Jul 2014;Benceno;Urbana de Fondo;Suroeste;Farolillo;0,2
Jul 2014;Benceno;Urbana de Tráfico;Interior M-30;Cuatro Caminos;0,3
Jul 2014;Benceno;Urbana de Tráfico;Interior M-30;Escuelas Aguirre;0,4
Jul 2014;Benceno;Urbana de Tráfico;Interior M-30;Ramón y Cajal;1,2
Ago 2014;Benceno;Suburbana;Noroeste;Casa de Campo;0,2
Ago 2014;Benceno;Urbana de Fondo;Noreste;Urbanización Embajada;
Ago 2014;Benceno;Urbana de Fondo;Suroeste;Farolillo;0,2
Ago 2014;Benceno;Urbana de Tráfico;Interior M-30;Cuatro Caminos;0,2
Ago 2014;Benceno;Urbana de Tráfico;Interior M-30;Escuelas Aguirre;0,4
Ago 2014;Benceno;Urbana de Tráfico;Interior M-30;Ramón y Cajal;1,0
Sep 2014;Benceno;Suburbana;Noroeste;Casa de Campo;0,2
Sep 2014;Benceno;Urbana de Fondo;Noreste;Urbanización Embajada;
Sep 2014;Benceno;Urbana de Fondo;Suroeste;Farolillo;0,2
Sep 2014;Benceno;Urbana de Tráfico;Interior M-30;Cuatro Caminos;0,4
Sep 2014;Benceno;Urbana de Tráfico;Interior M-30;Escuelas Aguirre;0,6
Sep 2014;Benceno;Urbana de Tráfico;Interior M-30;Ramón y Cajal;1,5
Oct 2014;Benceno;Suburbana;Noroeste;Casa de Campo;0,2
Oct 2014;Benceno;Urbana de Fondo;Noreste;Urbanización Embajada;0,7
Oct 2014;Benceno;Urbana de Fondo;Suroeste;Farolillo;0,5
Oct 2014;Benceno;Urbana de Tráfico;Interior M-30;Cuatro Caminos;1,3
Oct 2014;Benceno;Urbana de Tráfico;Interior M-30;Escuelas Aguirre;1,0
Oct 2014;Benceno;Urbana de Tráfico;Interior M-30;Ramón y Cajal;1,9
Nov 2014;Benceno;Suburbana;Noroeste;Casa de Campo;0,1
Nov 2014;Benceno;Urbana de Fondo;Noreste;Urbanización Embajada;0,7
Nov 2014;Benceno;Urbana de Fondo;Suroeste;Farolillo;0,4
Nov 2014;Benceno;Urbana de Tráfico;Interior M-30;Cuatro Caminos;1,3
Nov 2014;Benceno;Urbana de Tráfico;Interior M-30;Escuelas Aguirre;0,9
Nov 2014;Benceno;Urbana de Tráfico;Interior M-30;Ramón y Cajal;1,9
Dic 2014;Benceno;Suburbana;Noroeste;Casa de Campo;0,1
Dic 2014;Benceno;Urbana de Fondo;Noreste;Urbanización Embajada;1,0
Dic 2014;Benceno;Urbana de Fondo;Suroeste;Farolillo;0,9
Dic 2014;Benceno;Urbana de Tráfico;Interior M-30;Cuatro Caminos;1,3
Dic 2014;Benceno;Urbana de Tráfico;Interior M-30;Escuelas Aguirre;1,3
Dic 2014;Benceno;Urbana de Tráfico;Interior M-30;Ramón y Cajal;2,5
Ene 2015;Benceno;Suburbana;Noroeste;Casa de Campo;0,1
Ene 2015;Benceno;Urbana de Fondo;Noreste;Urbanización Embajada;1,1
Ene 2015;Benceno;Urbana de Fondo;Suroeste;Farolillo;0,9
Ene 2015;Benceno;Urbana de Tráfico;Interior M-30;Cuatro Caminos;1,6
Ene 2015;Benceno;Urbana de Tráfico;Interior M-30;Escuelas Aguirre;1,4
Ene 2015;Benceno;Urbana de Tráfico;Interior M-30;Ramón y Cajal;2,7
Feb 2015;Benceno;Suburbana;Noroeste;Casa de Campo;0,1
Feb 2015;Benceno;Urbana de Fondo;Noreste;Urbanización Embajada;0,6
Feb 2015;Benceno;Urbana de Fondo;Suroeste;Farolillo;0,3
Feb 2015;Benceno;Urbana de Tráfico;Interior M-30;Cuatro Caminos;0,5
Feb 2015;Benceno;Urbana de Tráfico;Interior M-30;Escuelas Aguirre;0,7
Feb 2015;Benceno;Urbana de Tráfico;Interior M-30;Ramón y Cajal;1,9
Mar 2015;Benceno;Suburbana;Noroeste;Casa de Campo;0,1
Mar 2015;Benceno;Urbana de Fondo;Noreste;Urbanización Embajada;0,6
Mar 2015;Benceno;Urbana de Fondo;Suroeste;Farolillo;0,4
Mar 2015;Benceno;Urbana de Tráfico;Interior M-30;Cuatro Caminos;0,6
Mar 2015;Benceno;Urbana de Tráfico;Interior M-30;Escuelas Aguirre;0,8
Mar 2015;Benceno;Urbana de Tráfico;Interior M-30;Ramón y Cajal;1,8
Abr 2015;Benceno;Suburbana;Noroeste;Casa de Campo;0,1
Abr 2015;Benceno;Urbana de Fondo;Noreste;Urbanización Embajada;0,4
Abr 2015;Benceno;Urbana de Fondo;Suroeste;Farolillo;0,2
Abr 2015;Benceno;Urbana de Tráfico;Interior M-30;Cuatro Caminos;0,3
Abr 2015;Benceno;Urbana de Tráfico;Interior M-30;Escuelas Aguirre;0,5
Abr 2015;Benceno;Urbana de Tráfico;Interior M-30;Ramón y Cajal;1,3
May 2015;Benceno;Suburbana;Noroeste;Casa de Campo;0,1
May 2015;Benceno;Urbana de Fondo;Noreste;Urbanización Embajada;0,3
May 2015;Benceno;Urbana de Fondo;Suroeste;Farolillo;0,2
May 2015;Benceno;Urbana de Tráfico;Interior M-30;Cuatro Caminos;0,3
May 2015;Benceno;Urbana de Tráfico;Interior M-30;Escuelas Aguirre;0,5
May 2015;Benceno;Urbana de Tráfico;Interior M-30;Ramón y Cajal;1,1
Jun 2015;Benceno;Suburbana;Noroeste;Casa de Campo;0,2
Jun 2015;Benceno;Urbana de Fondo;Noreste;Urbanización Embajada;0,3
Jun 2015;Benceno;Urbana de Fondo;Suroeste;Farolillo;0,2
Jun 2015;Benceno;Urbana de Tráfico;Interior M-30;Cuatro Caminos;0,3
Jun 2015;Benceno;Urbana de Tráfico;Interior M-30;Escuelas Aguirre;0,4
Jun 2015;Benceno;Urbana de Tráfico;Interior M-30;Ramón y Cajal;1,2
Jul 2015;Benceno;Suburbana;Noroeste;Casa de Campo;0,2
Jul 2015;Benceno;Urbana de Fondo;Noreste;Urbanización Embajada;0,7
Jul 2015;Benceno;Urbana de Fondo;Suroeste;Farolillo;0,2
Jul 2015;Benceno;Urbana de Tráfico;Interior M-30;Cuatro Caminos;0,1
Jul 2015;Benceno;Urbana de Tráfico;Interior M-30;Escuelas Aguirre;0,5
Jul 2015;Benceno;Urbana de Tráfico;Interior M-30;Ramón y Cajal;1,5
Ago 2015;Benceno;Suburbana;Noroeste;Casa de Campo;0,2
Ago 2015;Benceno;Urbana de Fondo;Noreste;Urbanización Embajada;0,8
Ago 2015;Benceno;Urbana de Fondo;Suroeste;Farolillo;0,2
Ago 2015;Benceno;Urbana de Tráfico;Interior M-30;Cuatro Caminos;0,1
Ago 2015;Benceno;Urbana de Tráfico;Interior M-30;Escuelas Aguirre;0,2
Ago 2015;Benceno;Urbana de Tráfico;Interior M-30;Ramón y Cajal;1,1
Sep 2015;Benceno;Suburbana;Noroeste;Casa de Campo;0,2
Sep 2015;Benceno;Urbana de Fondo;Noreste;Urbanización Embajada;0,6
Sep 2015;Benceno;Urbana de Fondo;Suroeste;Farolillo;0,3
Sep 2015;Benceno;Urbana de Tráfico;Interior M-30;Cuatro Caminos;0,2
Sep 2015;Benceno;Urbana de Tráfico;Interior M-30;Escuelas Aguirre;0,4
Sep 2015;Benceno;Urbana de Tráfico;Interior M-30;Ramón y Cajal;1,5
Oct 2015;Benceno;Suburbana;Noroeste;Casa de Campo;0,3
Oct 2015;Benceno;Urbana de Fondo;Noreste;Urbanización Embajada;1,3
Oct 2015;Benceno;Urbana de Fondo;Suroeste;Farolillo;0,5
Oct 2015;Benceno;Urbana de Tráfico;Interior M-30;Cuatro Caminos;0,4
Oct 2015;Benceno;Urbana de Tráfico;Interior M-30;Escuelas Aguirre;1,0
Oct 2015;Benceno;Urbana de Tráfico;Interior M-30;Ramón y Cajal;1,8
Nov 2015;Benceno;Suburbana;Noroeste;Casa de Campo;0,5
Nov 2015;Benceno;Urbana de Fondo;Noreste;Urbanización Embajada;2,0
Nov 2015;Benceno;Urbana de Fondo;Suroeste;Farolillo;0,8
Nov 2015;Benceno;Urbana de Tráfico;Interior M-30;Cuatro Caminos;1,0
Nov 2015;Benceno;Urbana de Tráfico;Interior M-30;Escuelas Aguirre;1,4
Nov 2015;Benceno;Urbana de Tráfico;Interior M-30;Ramón y Cajal;2,4
Dic 2015;Benceno;Suburbana;Noroeste;Casa de Campo;0,8
Dic 2015;Benceno;Urbana de Fondo;Noreste;Urbanización Embajada;1,2
Dic 2015;Benceno;Urbana de Fondo;Suroeste;Farolillo;1,0
Dic 2015;Benceno;Urbana de Tráfico;Interior M-30;Cuatro Caminos;1,1
Dic 2015;Benceno;Urbana de Tráfico;Interior M-30;Escuelas Aguirre;1,6
Dic 2015;Benceno;Urbana de Tráfico;Interior M-30;Ramón y Cajal;2,7
Ene 2016;Benceno;Suburbana;Noroeste;Casa de Campo;0,5
Ene 2016;Benceno;Urbana de Fondo;Noreste;Urbanización Embajada;0,9
Ene 2016;Benceno;Urbana de Fondo;Suroeste;Farolillo;0,5
Ene 2016;Benceno;Urbana de Tráfico;Interior M-30;Cuatro Caminos;0,5
Ene 2016;Benceno;Urbana de Tráfico;Interior M-30;Escuelas Aguirre;1,0
Ene 2016;Benceno;Urbana de Tráfico;Interior M-30;Ramón y Cajal;1,8
Feb 2016;Benceno;Suburbana;Noroeste;Casa de Campo;0,4
Feb 2016;Benceno;Urbana de Fondo;Noreste;Urbanización Embajada;0,6
Feb 2016;Benceno;Urbana de Fondo;Suroeste;Farolillo;0,4
Feb 2016;Benceno;Urbana de Tráfico;Interior M-30;Cuatro Caminos;0,3
Feb 2016;Benceno;Urbana de Tráfico;Interior M-30;Escuelas Aguirre;0,9
Feb 2016;Benceno;Urbana de Tráfico;Interior M-30;Ramón y Cajal;1,6
Mar 2016;Benceno;Suburbana;Noroeste;Casa de Campo;0,3
Mar 2016;Benceno;Urbana de Fondo;Noreste;Urbanización Embajada;0,5
Mar 2016;Benceno;Urbana de Fondo;Suroeste;Farolillo;0,3
Mar 2016;Benceno;Urbana de Tráfico;Interior M-30;Cuatro Caminos;0,2
Mar 2016;Benceno;Urbana de Tráfico;Interior M-30;Escuelas Aguirre;0,8
Mar 2016;Benceno;Urbana de Tráfico;Interior M-30;Ramón y Cajal;1,2
Abr 2016;Benceno;Suburbana;Noroeste;Casa de Campo;0,2
Abr 2016;Benceno;Urbana de Fondo;Noreste;Urbanización Embajada;0,4
Abr 2016;Benceno;Urbana de Fondo;Suroeste;Farolillo;0,2
Abr 2016;Benceno;Urbana de Tráfico;Interior M-30;Cuatro Caminos;0,1
Abr 2016;Benceno;Urbana de Tráfico;Interior M-30;Escuelas Aguirre;0,6
Abr 2016;Benceno;Urbana de Tráfico;Interior M-30;Ramón y Cajal;0,7
May 2016;Benceno;Suburbana;Noroeste;Casa de Campo;0,2
May 2016;Benceno;Urbana de Fondo;Noreste;Urbanización Embajada;0,3
May 2016;Benceno;Urbana de Fondo;Suroeste;Farolillo;0,2
May 2016;Benceno;Urbana de Tráfico;Interior M-30;Cuatro Caminos;0,2
May 2016;Benceno;Urbana de Tráfico;Interior M-30;Escuelas Aguirre;0,6
May 2016;Benceno;Urbana de Tráfico;Interior M-30;Ramón y Cajal;0,4
Jun 2016;Benceno;Suburbana;Noroeste;Casa de Campo;0,1
Jun 2016;Benceno;Urbana de Fondo;Noreste;Urbanización Embajada;0,2
Jun 2016;Benceno;Urbana de Fondo;Suroeste;Farolillo;0,2
Jun 2016;Benceno;Urbana de Tráfico;Interior M-30;Cuatro Caminos;0,1
Jun 2016;Benceno;Urbana de Tráfico;Interior M-30;Escuelas Aguirre;0,6
Jun 2016;Benceno;Urbana de Tráfico;Interior M-30;Ramón y Cajal;1,1
Jul 2016;Benceno;Suburbana;Noroeste;Casa de Campo;0,1
Jul 2016;Benceno;Urbana de Fondo;Noreste;Urbanización Embajada;0,2
Jul 2016;Benceno;Urbana de Fondo;Suroeste;Farolillo;0,2
Jul 2016;Benceno;Urbana de Tráfico;Interior M-30;Cuatro Caminos;0,2
Jul 2016;Benceno;Urbana de Tráfico;Interior M-30;Escuelas Aguirre;0,5
Jul 2016;Benceno;Urbana de Tráfico;Interior M-30;Ramón y Cajal;1,2
Ago 2016;Benceno;Suburbana;Noroeste;Casa de Campo;0,2
Ago 2016;Benceno;Urbana de Fondo;Noreste;Urbanización Embajada;0,3
Ago 2016;Benceno;Urbana de Fondo;Suroeste;Farolillo;0,2
Ago 2016;Benceno;Urbana de Tráfico;Interior M-30;Cuatro Caminos;0,2
Ago 2016;Benceno;Urbana de Tráfico;Interior M-30;Escuelas Aguirre;0,4
Ago 2016;Benceno;Urbana de Tráfico;Interior M-30;Ramón y Cajal;1,1
Sep 2016;Benceno;Suburbana;Noroeste;Casa de Campo;0,2
Sep 2016;Benceno;Urbana de Fondo;Noreste;Urbanización Embajada;0,4
Sep 2016;Benceno;Urbana de Fondo;Suroeste;Farolillo;0,3
Sep 2016;Benceno;Urbana de Tráfico;Interior M-30;Cuatro Caminos;0,3
Sep 2016;Benceno;Urbana de Tráfico;Interior M-30;Escuelas Aguirre;0,7
Sep 2016;Benceno;Urbana de Tráfico;Interior M-30;Ramón y Cajal;1,7
Oct 2016;Benceno;Suburbana;Noroeste;Casa de Campo;0,3
Oct 2016;Benceno;Urbana de Fondo;Noreste;Urbanización Embajada;0,6
Oct 2016;Benceno;Urbana de Fondo;Suroeste;Farolillo;0,4
Oct 2016;Benceno;Urbana de Tráfico;Interior M-30;Cuatro Caminos;0,6
Oct 2016;Benceno;Urbana de Tráfico;Interior M-30;Escuelas Aguirre;1,1
Oct 2016;Benceno;Urbana de Tráfico;Interior M-30;Ramón y Cajal;2,1
Nov 2016;Benceno;Suburbana;Noroeste;Casa de Campo;0,4
Nov 2016;Benceno;Urbana de Fondo;Noreste;Urbanización Embajada;0,7
Nov 2016;Benceno;Urbana de Fondo;Suroeste;Farolillo;0,5
Nov 2016;Benceno;Urbana de Tráfico;Interior M-30;Cuatro Caminos;0,5
Nov 2016;Benceno;Urbana de Tráfico;Interior M-30;Escuelas Aguirre;1,1
Nov 2016;Benceno;Urbana de Tráfico;Interior M-30;Ramón y Cajal;2,1
Dic 2016;Benceno;Suburbana;Noroeste;Casa de Campo;0,6
Dic 2016;Benceno;Urbana de Fondo;Noreste;Urbanización Embajada;1,0
Dic 2016;Benceno;Urbana de Fondo;Suroeste;Farolillo;
Dic 2016;Benceno;Urbana de Tráfico;Interior M-30;Cuatro Caminos;1,9
Dic 2016;Benceno;Urbana de Tráfico;Interior M-30;Escuelas Aguirre;1,2
Dic 2016;Benceno;Urbana de Tráfico;Interior M-30;Ramón y Cajal;2,4
Ene 2017;Benceno;Suburbana;Noroeste;Casa de Campo;0,5
Ene 2017;Benceno;Urbana de Fondo;Noreste;Urbanización Embajada;0,7
Ene 2017;Benceno;Urbana de Fondo;Suroeste;Farolillo;1,1
Ene 2017;Benceno;Urbana de Tráfico;Interior M-30;Cuatro Caminos;1,2
Ene 2017;Benceno;Urbana de Tráfico;Interior M-30;Escuelas Aguirre;1,2
Ene 2017;Benceno;Urbana de Tráfico;Interior M-30;Ramón y Cajal;2,2
Feb 2017;Benceno;Suburbana;Noroeste;Casa de Campo;0,3
Feb 2017;Benceno;Urbana de Fondo;Noreste;Urbanización Embajada;0,7
Feb 2017;Benceno;Urbana de Fondo;Suroeste;Farolillo;0,5
Feb 2017;Benceno;Urbana de Tráfico;Interior M-30;Cuatro Caminos;0,5
Feb 2017;Benceno;Urbana de Tráfico;Interior M-30;Escuelas Aguirre;0,9
Feb 2017;Benceno;Urbana de Tráfico;Interior M-30;Ramón y Cajal;1,0
Mar 2017;Benceno;Suburbana;Noroeste;Casa de Campo;0,2
Mar 2017;Benceno;Urbana de Fondo;Noreste;Urbanización Embajada;0,6
Mar 2017;Benceno;Urbana de Fondo;Suroeste;Farolillo;0,6
Mar 2017;Benceno;Urbana de Tráfico;Interior M-30;Cuatro Caminos;0,6
Mar 2017;Benceno;Urbana de Tráfico;Interior M-30;Escuelas Aguirre;0,9
Mar 2017;Benceno;Urbana de Tráfico;Interior M-30;Ramón y Cajal;0,5
Abr 2017;Benceno;Suburbana;Noroeste;Casa de Campo;0,3
Abr 2017;Benceno;Urbana de Fondo;Noreste;Urbanización Embajada;0,4
Abr 2017;Benceno;Urbana de Fondo;Suroeste;Farolillo;0,3
Abr 2017;Benceno;Urbana de Tráfico;Interior M-30;Cuatro Caminos;0,5
Abr 2017;Benceno;Urbana de Tráfico;Interior M-30;Escuelas Aguirre;0,6
Abr 2017;Benceno;Urbana de Tráfico;Interior M-30;Ramón y Cajal;0,3
May 2017;Benceno;Suburbana;Noroeste;Casa de Campo;0,2
May 2017;Benceno;Urbana de Fondo;Noreste;Urbanización Embajada;0,4
May 2017;Benceno;Urbana de Fondo;Suroeste;Farolillo;0,3
May 2017;Benceno;Urbana de Tráfico;Interior M-30;Cuatro Caminos;0,4
May 2017;Benceno;Urbana de Tráfico;Interior M-30;Escuelas Aguirre;0,6
May 2017;Benceno;Urbana de Tráfico;Interior M-30;Ramón y Cajal;0,3
Jun 2017;Benceno;Suburbana;Noroeste;Casa de Campo;0,2
Jun 2017;Benceno;Urbana de Fondo;Noreste;Urbanización Embajada;0,2
Jun 2017;Benceno;Urbana de Fondo;Suroeste;Farolillo;0,3
Jun 2017;Benceno;Urbana de Tráfico;Interior M-30;Cuatro Caminos;0,4
Jun 2017;Benceno;Urbana de Tráfico;Interior M-30;Escuelas Aguirre;0,6
Jun 2017;Benceno;Urbana de Tráfico;Interior M-30;Ramón y Cajal;0,3
Jul 2017;Benceno;Suburbana;Noroeste;Casa de Campo;0,2
Jul 2017;Benceno;Urbana de Fondo;Noreste;Urbanización Embajada;0,3
Jul 2017;Benceno;Urbana de Fondo;Suroeste;Farolillo;0,3
Jul 2017;Benceno;Urbana de Tráfico;Interior M-30;Cuatro Caminos;0,4
Jul 2017;Benceno;Urbana de Tráfico;Interior M-30;Escuelas Aguirre;0,5
Jul 2017;Benceno;Urbana de Tráfico;Interior M-30;Ramón y Cajal;0,3
Ago 2017;Benceno;Suburbana;Noroeste;Casa de Campo;0,2
Ago 2017;Benceno;Urbana de Fondo;Noreste;Urbanización Embajada;0,3
Ago 2017;Benceno;Urbana de Fondo;Suroeste;Farolillo;0,3
Ago 2017;Benceno;Urbana de Tráfico;Interior M-30;Cuatro Caminos;0,3
Ago 2017;Benceno;Urbana de Tráfico;Interior M-30;Escuelas Aguirre;0,5
Ago 2017;Benceno;Urbana de Tráfico;Interior M-30;Ramón y Cajal;0,2
Sep 2017;Benceno;Suburbana;Noroeste;Casa de Campo;0,3
Sep 2017;Benceno;Urbana de Fondo;Noreste;Urbanización Embajada;0,5
Sep 2017;Benceno;Urbana de Fondo;Suroeste;Farolillo;0,5
Sep 2017;Benceno;Urbana de Tráfico;Interior M-30;Cuatro Caminos;0,5
Sep 2017;Benceno;Urbana de Tráfico;Interior M-30;Escuelas Aguirre;0,8
Sep 2017;Benceno;Urbana de Tráfico;Interior M-30;Ramón y Cajal;0,6
Oct 2017;Benceno;Suburbana;Noroeste;Casa de Campo;0,3
Oct 2017;Benceno;Urbana de Fondo;Noreste;Urbanización Embajada;0,6
Oct 2017;Benceno;Urbana de Fondo;Suroeste;Farolillo;0,7
Oct 2017;Benceno;Urbana de Tráfico;Interior M-30;Cuatro Caminos;0,8
Oct 2017;Benceno;Urbana de Tráfico;Interior M-30;Escuelas Aguirre;1,2
Oct 2017;Benceno;Urbana de Tráfico;Interior M-30;Ramón y Cajal;0,8
Nov 2017;Benceno;Suburbana;Noroeste;Casa de Campo;0,7
Nov 2017;Benceno;Urbana de Fondo;Noreste;Urbanización Embajada;0,9
Nov 2017;Benceno;Urbana de Fondo;Suroeste;Farolillo;0,9
Nov 2017;Benceno;Urbana de Tráfico;Interior M-30;Cuatro Caminos;1,4
Nov 2017;Benceno;Urbana de Tráfico;Interior M-30;Escuelas Aguirre;1,4
Nov 2017;Benceno;Urbana de Tráfico;Interior M-30;Ramón y Cajal;1,1
Dic 2017;Benceno;Suburbana;Noroeste;Casa de Campo;0,7
Dic 2017;Benceno;Urbana de Fondo;Noreste;Urbanización Embajada;1,1
Dic 2017;Benceno;Urbana de Fondo;Suroeste;Farolillo;0,8
Dic 2017;Benceno;Urbana de Tráfico;Interior M-30;Cuatro Caminos;1,0
Dic 2017;Benceno;Urbana de Tráfico;Interior M-30;Escuelas Aguirre;1,2
Dic 2017;Benceno;Urbana de Tráfico;Interior M-30;Ramón y Cajal;0,8
Ene 2018;Benceno;Suburbana;Noroeste;Casa de Campo;0,6
Ene 2018;Benceno;Urbana de Fondo;Noreste;Urbanización Embajada;0,8
Ene 2018;Benceno;Urbana de Fondo;Suroeste;Farolillo;0,6
Ene 2018;Benceno;Urbana de Tráfico;Interior M-30;Cuatro Caminos;0,8
Ene 2018;Benceno;Urbana de Tráfico;Interior M-30;Escuelas Aguirre;1,1
Ene 2018;Benceno;Urbana de Tráfico;Interior M-30;Ramón y Cajal;0,6
Feb 2018;Benceno;Suburbana;Noroeste;Casa de Campo;0,5
Feb 2018;Benceno;Urbana de Fondo;Noreste;Urbanización Embajada;0,6
Feb 2018;Benceno;Urbana de Fondo;Suroeste;Farolillo;0,5
Feb 2018;Benceno;Urbana de Tráfico;Interior M-30;Cuatro Caminos;0,8
Feb 2018;Benceno;Urbana de Tráfico;Interior M-30;Escuelas Aguirre;1,0
Feb 2018;Benceno;Urbana de Tráfico;Interior M-30;Ramón y Cajal;0,5
Mar 2018;Benceno;Suburbana;Noroeste;Casa de Campo;0,3
Mar 2018;Benceno;Urbana de Fondo;Noreste;Urbanización Embajada;0,4
Mar 2018;Benceno;Urbana de Fondo;Suroeste;Farolillo;0,3
Mar 2018;Benceno;Urbana de Tráfico;Interior M-30;Cuatro Caminos;0,5
Mar 2018;Benceno;Urbana de Tráfico;Interior M-30;Escuelas Aguirre;0,7
Mar 2018;Benceno;Urbana de Tráfico;Interior M-30;Ramón y Cajal;0,4
Abr 2018;Benceno;Suburbana;Noroeste;Casa de Campo;0,3
Abr 2018;Benceno;Urbana de Fondo;Noreste;Urbanización Embajada;0,4
Abr 2018;Benceno;Urbana de Fondo;Suroeste;Farolillo;0,3
Abr 2018;Benceno;Urbana de Tráfico;Interior M-30;Cuatro Caminos;0,5
Abr 2018;Benceno;Urbana de Tráfico;Interior M-30;Escuelas Aguirre;0,6
Abr 2018;Benceno;Urbana de Tráfico;Interior M-30;Ramón y Cajal;0,3
May 2018;Benceno;Suburbana;Noroeste;Casa de Campo;0,2
May 2018;Benceno;Urbana de Fondo;Noreste;Urbanización Embajada;0,3
May 2018;Benceno;Urbana de Fondo;Suroeste;Farolillo;0,2
May 2018;Benceno;Urbana de Tráfico;Interior M-30;Cuatro Caminos;0,4
May 2018;Benceno;Urbana de Tráfico;Interior M-30;Escuelas Aguirre;0,5
May 2018;Benceno;Urbana de Tráfico;Interior M-30;Ramón y Cajal;0,3
Jun 2018;Benceno;Suburbana;Noroeste;Casa de Campo;0,2
Jun 2018;Benceno;Urbana de Fondo;Noreste;Urbanización Embajada;0,2
Jun 2018;Benceno;Urbana de Fondo;Suroeste;Farolillo;0,2
Jun 2018;Benceno;Urbana de Tráfico;Interior M-30;Cuatro Caminos;0,2
Jun 2018;Benceno;Urbana de Tráfico;Interior M-30;Escuelas Aguirre;0,4
Jun 2018;Benceno;Urbana de Tráfico;Interior M-30;Ramón y Cajal;0,2
Jul 2018;Benceno;Suburbana;Noroeste;Casa de Campo;0,1
Jul 2018;Benceno;Urbana de Fondo;Noreste;Urbanización Embajada;0,2
Jul 2018;Benceno;Urbana de Fondo;Suroeste;Farolillo;0,2
Jul 2018;Benceno;Urbana de Tráfico;Interior M-30;Cuatro Caminos;0,2
Jul 2018;Benceno;Urbana de Tráfico;Interior M-30;Escuelas Aguirre;0,4
Jul 2018;Benceno;Urbana de Tráfico;Interior M-30;Ramón y Cajal;0,2
Ago 2018;Benceno;Suburbana;Noroeste;Casa de Campo;0,2
Ago 2018;Benceno;Urbana de Fondo;Noreste;Urbanización Embajada;0,2
Ago 2018;Benceno;Urbana de Fondo;Suroeste;Farolillo;0,2
Ago 2018;Benceno;Urbana de Tráfico;Interior M-30;Cuatro Caminos;0,1
Ago 2018;Benceno;Urbana de Tráfico;Interior M-30;Escuelas Aguirre;0,4
Ago 2018;Benceno;Urbana de Tráfico;Interior M-30;Ramón y Cajal;0,2
Sep 2018;Benceno;Suburbana;Noroeste;Casa de Campo;0,2
Sep 2018;Benceno;Urbana de Fondo;Noreste;Urbanización Embajada;0,3
Sep 2018;Benceno;Urbana de Fondo;Suroeste;Farolillo;0,2
Sep 2018;Benceno;Urbana de Tráfico;Interior M-30;Cuatro Caminos;0,3
Sep 2018;Benceno;Urbana de Tráfico;Interior M-30;Escuelas Aguirre;0,5
Sep 2018;Benceno;Urbana de Tráfico;Interior M-30;Ramón y Cajal;0,4
Oct 2018;Benceno;Suburbana;Noroeste;Casa de Campo;0,3
Oct 2018;Benceno;Urbana de Fondo;Noreste;Urbanización Embajada;0,5
Oct 2018;Benceno;Urbana de Fondo;Suroeste;Farolillo;0,3
Oct 2018;Benceno;Urbana de Tráfico;Interior M-30;Cuatro Caminos;0,6
Oct 2018;Benceno;Urbana de Tráfico;Interior M-30;Escuelas Aguirre;0,7
Oct 2018;Benceno;Urbana de Tráfico;Interior M-30;Ramón y Cajal;0,5
Nov 2018;Benceno;Suburbana;Noroeste;Casa de Campo;0,4
Nov 2018;Benceno;Urbana de Fondo;Noreste;Urbanización Embajada;0,4
Nov 2018;Benceno;Urbana de Fondo;Suroeste;Farolillo;0,3
Nov 2018;Benceno;Urbana de Tráfico;Interior M-30;Cuatro Caminos;0,5
Nov 2018;Benceno;Urbana de Tráfico;Interior M-30;Escuelas Aguirre;0,8
Nov 2018;Benceno;Urbana de Tráfico;Interior M-30;Ramón y Cajal;0,4
Dic 2018;Benceno;Suburbana;Noroeste;Casa de Campo;0,7
Dic 2018;Benceno;Urbana de Fondo;Noreste;Urbanización Embajada;0,6
Dic 2018;Benceno;Urbana de Fondo;Suroeste;Farolillo;0,5
Dic 2018;Benceno;Urbana de Tráfico;Interior M-30;Cuatro Caminos;1,1
Dic 2018;Benceno;Urbana de Tráfico;Interior M-30;Escuelas Aguirre;1,3
Dic 2018;Benceno;Urbana de Tráfico;Interior M-30;Ramón y Cajal;0,8
Ene 2019;Benceno;Suburbana;Noroeste;Casa de Campo;0,8
Ene 2019;Benceno;Urbana de Fondo;Noreste;Urbanización Embajada;0,4
Ene 2019;Benceno;Urbana de Fondo;Suroeste;Farolillo;0,5
Ene 2019;Benceno;Urbana de Tráfico;Interior M-30;Cuatro Caminos;1,0
Ene 2019;Benceno;Urbana de Tráfico;Interior M-30;Escuelas Aguirre;1,3
Ene 2019;Benceno;Urbana de Tráfico;Interior M-30;Ramón y Cajal;0,7
Feb 2019;Benceno;Suburbana;Noroeste;Casa de Campo;0,6
Feb 2019;Benceno;Urbana de Fondo;Noreste;Urbanización Embajada;0,6
Feb 2019;Benceno;Urbana de Fondo;Suroeste;Farolillo;0,9
Feb 2019;Benceno;Urbana de Tráfico;Interior M-30;Cuatro Caminos;0,9
Feb 2019;Benceno;Urbana de Tráfico;Interior M-30;Escuelas Aguirre;1,0
Feb 2019;Benceno;Urbana de Tráfico;Interior M-30;Ramón y Cajal;0,7
Mar 2019;Benceno;Suburbana;Noroeste;Casa de Campo;0,4
Mar 2019;Benceno;Urbana de Fondo;Noreste;Urbanización Embajada;0,5
Mar 2019;Benceno;Urbana de Fondo;Suroeste;Farolillo;0,4
Mar 2019;Benceno;Urbana de Tráfico;Interior M-30;Cuatro Caminos;0,5
Mar 2019;Benceno;Urbana de Tráfico;Interior M-30;Escuelas Aguirre;0,7
Mar 2019;Benceno;Urbana de Tráfico;Interior M-30;Ramón y Cajal;0,4
Abr 2019;Benceno;Suburbana;Noroeste;Casa de Campo;0,3
Abr 2019;Benceno;Urbana de Fondo;Noreste;Urbanización Embajada;0,3
Abr 2019;Benceno;Urbana de Fondo;Suroeste;Farolillo;0,3
Abr 2019;Benceno;Urbana de Tráfico;Interior M-30;Cuatro Caminos;0,3
Abr 2019;Benceno;Urbana de Tráfico;Interior M-30;Escuelas Aguirre;0,5
Abr 2019;Benceno;Urbana de Tráfico;Interior M-30;Ramón y Cajal;0,3
May 2019;Benceno;Suburbana;Noroeste;Casa de Campo;0,2
May 2019;Benceno;Urbana de Fondo;Noreste;Urbanización Embajada;0,2
May 2019;Benceno;Urbana de Fondo;Suroeste;Farolillo;0,2
May 2019;Benceno;Urbana de Tráfico;Interior M-30;Cuatro Caminos;0,3
May 2019;Benceno;Urbana de Tráfico;Interior M-30;Escuelas Aguirre;0,4
May 2019;Benceno;Urbana de Tráfico;Interior M-30;Ramón y Cajal;0,2
Jun 2019;Benceno;Suburbana;Noroeste;Casa de Campo;0,2
Jun 2019;Benceno;Urbana de Fondo;Noreste;Urbanización Embajada;0,2
Jun 2019;Benceno;Urbana de Fondo;Suroeste;Farolillo;0,2
Jun 2019;Benceno;Urbana de Tráfico;Interior M-30;Cuatro Caminos;0,2
Jun 2019;Benceno;Urbana de Tráfico;Interior M-30;Escuelas Aguirre;0,4
Jun 2019;Benceno;Urbana de Tráfico;Interior M-30;Ramón y Cajal;0,3
Jul 2019;Benceno;Suburbana;Noroeste;Casa de Campo;0,2
Jul 2019;Benceno;Urbana de Fondo;Noreste;Urbanización Embajada;0,3
Jul 2019;Benceno;Urbana de Fondo;Suroeste;Farolillo;0,2
Jul 2019;Benceno;Urbana de Tráfico;Interior M-30;Cuatro Caminos;0,1
Jul 2019;Benceno;Urbana de Tráfico;Interior M-30;Escuelas Aguirre;0,4
Jul 2019;Benceno;Urbana de Tráfico;Interior M-30;Ramón y Cajal;0,3
Ago 2019;Benceno;Suburbana;Noroeste;Casa de Campo;0,2
Ago 2019;Benceno;Urbana de Fondo;Noreste;Urbanización Embajada;0,3
Ago 2019;Benceno;Urbana de Fondo;Suroeste;Farolillo;0,2
Ago 2019;Benceno;Urbana de Tráfico;Interior M-30;Cuatro Caminos;0,5
Ago 2019;Benceno;Urbana de Tráfico;Interior M-30;Escuelas Aguirre;0,6
Ago 2019;Benceno;Urbana de Tráfico;Interior M-30;Ramón y Cajal;0,2
Sep 2019;Benceno;Suburbana;Noroeste;Casa de Campo;0,2
Sep 2019;Benceno;Urbana de Fondo;Noreste;Urbanización Embajada;0,2
Sep 2019;Benceno;Urbana de Fondo;Suroeste;Farolillo;0,3
Sep 2019;Benceno;Urbana de Tráfico;Interior M-30;Cuatro Caminos;0,5
Sep 2019;Benceno;Urbana de Tráfico;Interior M-30;Escuelas Aguirre;0,7
Sep 2019;Benceno;Urbana de Tráfico;Interior M-30;Ramón y Cajal;0,3
Oct 2019;Benceno;Suburbana;Noroeste;Casa de Campo;0,3
Oct 2019;Benceno;Urbana de Fondo;Noreste;Urbanización Embajada;0,2
Oct 2019;Benceno;Urbana de Fondo;Suroeste;Farolillo;0,4
Oct 2019;Benceno;Urbana de Tráfico;Interior M-30;Cuatro Caminos;0,3
Oct 2019;Benceno;Urbana de Tráfico;Interior M-30;Escuelas Aguirre;0,9
Oct 2019;Benceno;Urbana de Tráfico;Interior M-30;Ramón y Cajal;0,5
Nov 2019;Benceno;Suburbana;Noroeste;Casa de Campo;0,2
Nov 2019;Benceno;Urbana de Fondo;Noreste;Urbanización Embajada;0,7
Nov 2019;Benceno;Urbana de Fondo;Suroeste;Farolillo;0,3
Nov 2019;Benceno;Urbana de Tráfico;Interior M-30;Cuatro Caminos;0,4
Nov 2019;Benceno;Urbana de Tráfico;Interior M-30;Escuelas Aguirre;0,6
Nov 2019;Benceno;Urbana de Tráfico;Interior M-30;Ramón y Cajal;0,3
Dic 2019;Benceno;Suburbana;Noroeste;Casa de Campo;0,6
Dic 2019;Benceno;Urbana de Fondo;Noreste;Urbanización Embajada;0,8
Dic 2019;Benceno;Urbana de Fondo;Suroeste;Farolillo;0,6
Dic 2019;Benceno;Urbana de Tráfico;Interior M-30;Cuatro Caminos;0,6
Dic 2019;Benceno;Urbana de Tráfico;Interior M-30;Escuelas Aguirre;0,9
Dic 2019;Benceno;Urbana de Tráfico;Interior M-30;Ramón y Cajal;0,6
Ene 2020;Benceno;Suburbana;Noroeste;Casa de Campo;0,8
Ene 2020;Benceno;Urbana de Fondo;Noreste;Urbanización Embajada;1,1
Ene 2020;Benceno;Urbana de Fondo;Suroeste;Farolillo;0,8
Ene 2020;Benceno;Urbana de Tráfico;Interior M-30;Cuatro Caminos;0,5
Ene 2020;Benceno;Urbana de Tráfico;Interior M-30;Escuelas Aguirre;1,1
Ene 2020;Benceno;Urbana de Tráfico;Interior M-30;Ramón y Cajal;0,7
Feb 2020;Benceno;Suburbana;Noroeste;Casa de Campo;0,6
Feb 2020;Benceno;Urbana de Fondo;Noreste;Urbanización Embajada;0,6
Feb 2020;Benceno;Urbana de Fondo;Suroeste;Farolillo;0,6
Feb 2020;Benceno;Urbana de Tráfico;Interior M-30;Cuatro Caminos;0,4
Feb 2020;Benceno;Urbana de Tráfico;Interior M-30;Escuelas Aguirre;1,0
Feb 2020;Benceno;Urbana de Tráfico;Interior M-30;Ramón y Cajal;0,7
Mar 2020;Benceno;Suburbana;Noroeste;Casa de Campo;0,3
Mar 2020;Benceno;Urbana de Fondo;Noreste;Urbanización Embajada;0,4
Mar 2020;Benceno;Urbana de Fondo;Suroeste;Farolillo;0,2
Mar 2020;Benceno;Urbana de Tráfico;Interior M-30;Cuatro Caminos;0,3
Mar 2020;Benceno;Urbana de Tráfico;Interior M-30;Escuelas Aguirre;0,5
Mar 2020;Benceno;Urbana de Tráfico;Interior M-30;Ramón y Cajal;0,3
Abr 2020;Benceno;Suburbana;Noroeste;Casa de Campo;0,2
Abr 2020;Benceno;Urbana de Fondo;Noreste;Urbanización Embajada;0,2
Abr 2020;Benceno;Urbana de Fondo;Suroeste;Farolillo;0,1
Abr 2020;Benceno;Urbana de Tráfico;Interior M-30;Cuatro Caminos;0,2
Abr 2020;Benceno;Urbana de Tráfico;Interior M-30;Escuelas Aguirre;0,3
Abr 2020;Benceno;Urbana de Tráfico;Interior M-30;Ramón y Cajal;0,2
May 2020;Benceno;Suburbana;Noroeste;Casa de Campo;0,1
May 2020;Benceno;Urbana de Fondo;Noreste;Urbanización Embajada;0,2
May 2020;Benceno;Urbana de Fondo;Suroeste;Farolillo;0,1
May 2020;Benceno;Urbana de Tráfico;Interior M-30;Cuatro Caminos;0,2
May 2020;Benceno;Urbana de Tráfico;Interior M-30;Escuelas Aguirre;0,3
May 2020;Benceno;Urbana de Tráfico;Interior M-30;Ramón y Cajal;0,2
Jun 2020;Benceno;Suburbana;Noroeste;Casa de Campo;0,1
Jun 2020;Benceno;Urbana de Fondo;Noreste;Urbanización Embajada;0,1
Jun 2020;Benceno;Urbana de Fondo;Suroeste;Farolillo;0,1
Jun 2020;Benceno;Urbana de Tráfico;Interior M-30;Cuatro Caminos;0,2
Jun 2020;Benceno;Urbana de Tráfico;Interior M-30;Escuelas Aguirre;0,3
Jun 2020;Benceno;Urbana de Tráfico;Interior M-30;Ramón y Cajal;0,2
Jul 2020;Benceno;Suburbana;Noroeste;Casa de Campo;0,1
Jul 2020;Benceno;Urbana de Fondo;Noreste;Urbanización Embajada;0,2
Jul 2020;Benceno;Urbana de Fondo;Suroeste;Farolillo;0,2
Jul 2020;Benceno;Urbana de Tráfico;Interior M-30;Cuatro Caminos;0,2
Jul 2020;Benceno;Urbana de Tráfico;Interior M-30;Escuelas Aguirre;0,4
Jul 2020;Benceno;Urbana de Tráfico;Interior M-30;Ramón y Cajal;0,2
Ago 2020;Benceno;Suburbana;Noroeste;Casa de Campo;0,1
Ago 2020;Benceno;Urbana de Fondo;Noreste;Urbanización Embajada;0,3
Ago 2020;Benceno;Urbana de Fondo;Suroeste;Farolillo;0,3
Ago 2020;Benceno;Urbana de Tráfico;Interior M-30;Cuatro Caminos;0,1
Ago 2020;Benceno;Urbana de Tráfico;Interior M-30;Escuelas Aguirre;0,4
Ago 2020;Benceno;Urbana de Tráfico;Interior M-30;Ramón y Cajal;0,2
Sep 2020;Benceno;Suburbana;Noroeste;Casa de Campo;0,2
Sep 2020;Benceno;Urbana de Fondo;Noreste;Urbanización Embajada;0,3
Sep 2020;Benceno;Urbana de Fondo;Suroeste;Farolillo;0,3
Sep 2020;Benceno;Urbana de Tráfico;Interior M-30;Cuatro Caminos;0,2
Sep 2020;Benceno;Urbana de Tráfico;Interior M-30;Escuelas Aguirre;0,5
Sep 2020;Benceno;Urbana de Tráfico;Interior M-30;Ramón y Cajal;0,2
Oct 2020;Benceno;Suburbana;Noroeste;Casa de Campo;0,2
Oct 2020;Benceno;Urbana de Fondo;Noreste;Urbanización Embajada;0,4
Oct 2020;Benceno;Urbana de Fondo;Suroeste;Farolillo;0,4
Oct 2020;Benceno;Urbana de Tráfico;Interior M-30;Cuatro Caminos;0,3
Oct 2020;Benceno;Urbana de Tráfico;Interior M-30;Escuelas Aguirre;0,6
Oct 2020;Benceno;Urbana de Tráfico;Interior M-30;Ramón y Cajal;0,3
Nov 2020;Benceno;Suburbana;Noroeste;Casa de Campo;0,6
Nov 2020;Benceno;Urbana de Fondo;Noreste;Urbanización Embajada;0,6
Nov 2020;Benceno;Urbana de Fondo;Suroeste;Farolillo;0,6
Nov 2020;Benceno;Urbana de Tráfico;Interior M-30;Cuatro Caminos;0,5
Nov 2020;Benceno;Urbana de Tráfico;Interior M-30;Escuelas Aguirre;0,7
Nov 2020;Benceno;Urbana de Tráfico;Interior M-30;Ramón y Cajal;0,5
Dic 2020;Benceno;Suburbana;Noroeste;Casa de Campo;0,4
Dic 2020;Benceno;Urbana de Fondo;Noreste;Urbanización Embajada;0,4
Dic 2020;Benceno;Urbana de Fondo;Suroeste;Farolillo;0,4
Dic 2020;Benceno;Urbana de Tráfico;Interior M-30;Cuatro Caminos;0,3
Dic 2020;Benceno;Urbana de Tráfico;Interior M-30;Escuelas Aguirre;0,6
Dic 2020;Benceno;Urbana de Tráfico;Interior M-30;Ramón y Cajal;0,3
Ene 2021;Benceno;Suburbana;Noroeste;Casa de Campo;0,7
Ene 2021;Benceno;Urbana de Fondo;Noreste;Urbanización Embajada;0,8
Ene 2021;Benceno;Urbana de Fondo;Suroeste;Farolillo;0,5
Ene 2021;Benceno;Urbana de Tráfico;Interior M-30;Cuatro Caminos;0,3
Ene 2021;Benceno;Urbana de Tráfico;Interior M-30;Escuelas Aguirre;0,7
Ene 2021;Benceno;Urbana de Tráfico;Interior M-30;Ramón y Cajal;0,5
Feb 2021;Benceno;Suburbana;Noroeste;Casa de Campo;0,4
Feb 2021;Benceno;Urbana de Fondo;Noreste;Urbanización Embajada;0,5
Feb 2021;Benceno;Urbana de Fondo;Suroeste;Farolillo;0,4
Feb 2021;Benceno;Urbana de Tráfico;Interior M-30;Cuatro Caminos;0,2
Feb 2021;Benceno;Urbana de Tráfico;Interior M-30;Escuelas Aguirre;0,6
Feb 2021;Benceno;Urbana de Tráfico;Interior M-30;Ramón y Cajal;0,3
Mar 2021;Benceno;Suburbana;Noroeste;Casa de Campo;0,3
Mar 2021;Benceno;Urbana de Fondo;Noreste;Urbanización Embajada;0,3
Mar 2021;Benceno;Urbana de Fondo;Suroeste;Farolillo;0,3
Mar 2021;Benceno;Urbana de Tráfico;Interior M-30;Cuatro Caminos;0,3
Mar 2021;Benceno;Urbana de Tráfico;Interior M-30;Escuelas Aguirre;0,6
Mar 2021;Benceno;Urbana de Tráfico;Interior M-30;Ramón y Cajal;0,2
Abr 2021;Benceno;Suburbana;Noroeste;Casa de Campo;0,2
Abr 2021;Benceno;Urbana de Fondo;Noreste;Urbanización Embajada;0,2
Abr 2021;Benceno;Urbana de Fondo;Suroeste;Farolillo;0,2
Abr 2021;Benceno;Urbana de Tráfico;Interior M-30;Cuatro Caminos;0,3
Abr 2021;Benceno;Urbana de Tráfico;Interior M-30;Escuelas Aguirre;0,4
Abr 2021;Benceno;Urbana de Tráfico;Interior M-30;Ramón y Cajal;0,2
May 2021;Benceno;Suburbana;Noroeste;Casa de Campo;0,1
May 2021;Benceno;Urbana de Fondo;Noreste;Urbanización Embajada;0,2
May 2021;Benceno;Urbana de Fondo;Suroeste;Farolillo;0,1
May 2021;Benceno;Urbana de Tráfico;Interior M-30;Cuatro Caminos;0,3
May 2021;Benceno;Urbana de Tráfico;Interior M-30;Escuelas Aguirre;0,4
May 2021;Benceno;Urbana de Tráfico;Interior M-30;Ramón y Cajal;0,2
Jun 2021;Benceno;Suburbana;Noroeste;Casa de Campo;0,1
Jun 2021;Benceno;Urbana de Fondo;Noreste;Urbanización Embajada;0,1
Jun 2021;Benceno;Urbana de Fondo;Suroeste;Farolillo;0,1
Jun 2021;Benceno;Urbana de Tráfico;Interior M-30;Cuatro Caminos;0,3
Jun 2021;Benceno;Urbana de Tráfico;Interior M-30;Escuelas Aguirre;0,3
Jun 2021;Benceno;Urbana de Tráfico;Interior M-30;Ramón y Cajal;0,2
Jul 2021;Benceno;Suburbana;Noroeste;Casa de Campo;0,1
Jul 2021;Benceno;Urbana de Fondo;Noreste;Urbanización Embajada;0,2
Jul 2021;Benceno;Urbana de Fondo;Suroeste;Farolillo;0,2
Jul 2021;Benceno;Urbana de Tráfico;Interior M-30;Cuatro Caminos;0,2
Jul 2021;Benceno;Urbana de Tráfico;Interior M-30;Escuelas Aguirre;0,3
Jul 2021;Benceno;Urbana de Tráfico;Interior M-30;Ramón y Cajal;0,1
Ago 2021;Benceno;Suburbana;Noroeste;Casa de Campo;0,1
Ago 2021;Benceno;Urbana de Fondo;Noreste;Urbanización Embajada;0,2
Ago 2021;Benceno;Urbana de Fondo;Suroeste;Farolillo;0,1
Ago 2021;Benceno;Urbana de Tráfico;Interior M-30;Cuatro Caminos;0,1
Ago 2021;Benceno;Urbana de Tráfico;Interior M-30;Escuelas Aguirre;0,3
Ago 2021;Benceno;Urbana de Tráfico;Interior M-30;Ramón y Cajal;0,2
Sep 2021;Benceno;Suburbana;Noroeste;Casa de Campo;0,2
Sep 2021;Benceno;Urbana de Fondo;Noreste;Urbanización Embajada;0,2
Sep 2021;Benceno;Urbana de Fondo;Suroeste;Farolillo;0,2
Sep 2021;Benceno;Urbana de Tráfico;Interior M-30;Cuatro Caminos;0,1
Sep 2021;Benceno;Urbana de Tráfico;Interior M-30;Escuelas Aguirre;0,2
Sep 2021;Benceno;Urbana de Tráfico;Interior M-30;Ramón y Cajal;0,2
Oct 2021;Benceno;Suburbana;Noroeste;Casa de Campo;0,3
Oct 2021;Benceno;Urbana de Fondo;Noreste;Urbanización Embajada;0,4
Oct 2021;Benceno;Urbana de Fondo;Suroeste;Farolillo;0,2
Oct 2021;Benceno;Urbana de Tráfico;Interior M-30;Cuatro Caminos;0,6
Oct 2021;Benceno;Urbana de Tráfico;Interior M-30;Escuelas Aguirre;0,5
Oct 2021;Benceno;Urbana de Tráfico;Interior M-30;Ramón y Cajal;0,3
Nov 2021;Benceno;Suburbana;Noroeste;Casa de Campo;0,4
Nov 2021;Benceno;Urbana de Fondo;Noreste;Urbanización Embajada;0,4
Nov 2021;Benceno;Urbana de Fondo;Suroeste;Farolillo;0,3
Nov 2021;Benceno;Urbana de Tráfico;Interior M-30;Cuatro Caminos;0,5
Nov 2021;Benceno;Urbana de Tráfico;Interior M-30;Escuelas Aguirre;0,6
Nov 2021;Benceno;Urbana de Tráfico;Interior M-30;Ramón y Cajal;0,3
Dic 2021;Benceno;Suburbana;Noroeste;Casa de Campo;0,5
Dic 2021;Benceno;Urbana de Fondo;Noreste;Urbanización Embajada;0,6
Dic 2021;Benceno;Urbana de Fondo;Suroeste;Farolillo;0,4
Dic 2021;Benceno;Urbana de Tráfico;Interior M-30;Cuatro Caminos;0,6
Dic 2021;Benceno;Urbana de Tráfico;Interior M-30;Escuelas Aguirre;0,5
Dic 2021;Benceno;Urbana de Tráfico;Interior M-30;Ramón y Cajal;0,3
Ene 2022;Benceno;Suburbana;Noroeste;Casa de Campo;0,6
Ene 2022;Benceno;Urbana de Fondo;Noreste;Urbanización Embajada;0,9
Ene 2022;Benceno;Urbana de Fondo;Suroeste;Farolillo;0,5
Ene 2022;Benceno;Urbana de Tráfico;Interior M-30;Cuatro Caminos;0,9
Ene 2022;Benceno;Urbana de Tráfico;Interior M-30;Escuelas Aguirre;0,6
Ene 2022;Benceno;Urbana de Tráfico;Interior M-30;Ramón y Cajal;0,5
Feb 2022;Benceno;Suburbana;Noroeste;Casa de Campo;0,5
Feb 2022;Benceno;Urbana de Fondo;Noreste;Urbanización Embajada;0,6
Feb 2022;Benceno;Urbana de Fondo;Suroeste;Farolillo;0,4
Feb 2022;Benceno;Urbana de Tráfico;Interior M-30;Cuatro Caminos;0,7
Feb 2022;Benceno;Urbana de Tráfico;Interior M-30;Escuelas Aguirre;0,5
Feb 2022;Benceno;Urbana de Tráfico;Interior M-30;Ramón y Cajal;0,5
Mar 2022;Benceno;Suburbana;Noroeste;Casa de Campo;0,3
Mar 2022;Benceno;Urbana de Fondo;Noreste;Urbanización Embajada;1,2
Mar 2022;Benceno;Urbana de Fondo;Suroeste;Farolillo;0,2
Mar 2022;Benceno;Urbana de Tráfico;Interior M-30;Cuatro Caminos;0,4
Mar 2022;Benceno;Urbana de Tráfico;Interior M-30;Escuelas Aguirre;0,3
Mar 2022;Benceno;Urbana de Tráfico;Interior M-30;Ramón y Cajal;0,4
Abr 2022;Benceno;Suburbana;Noroeste;Casa de Campo;0,2
Abr 2022;Benceno;Urbana de Fondo;Noreste;Urbanización Embajada;1,1
Abr 2022;Benceno;Urbana de Fondo;Suroeste;Farolillo;0,2
Abr 2022;Benceno;Urbana de Tráfico;Interior M-30;Cuatro Caminos;0,3
Abr 2022;Benceno;Urbana de Tráfico;Interior M-30;Escuelas Aguirre;0,2
Abr 2022;Benceno;Urbana de Tráfico;Interior M-30;Ramón y Cajal;0,3
May 2022;Benceno;Suburbana;Noroeste;Casa de Campo;0,2
May 2022;Benceno;Urbana de Fondo;Noreste;Urbanización Embajada;0,2
May 2022;Benceno;Urbana de Fondo;Suroeste;Farolillo;0,2
May 2022;Benceno;Urbana de Tráfico;Interior M-30;Cuatro Caminos;0,3
May 2022;Benceno;Urbana de Tráfico;Interior M-30;Escuelas Aguirre;0,1
May 2022;Benceno;Urbana de Tráfico;Interior M-30;Ramón y Cajal;0,2
Jun 2022;Benceno;Suburbana;Noroeste;Casa de Campo;0,1
Jun 2022;Benceno;Urbana de Fondo;Noreste;Urbanización Embajada;0,2
Jun 2022;Benceno;Urbana de Fondo;Suroeste;Farolillo;0,1
Jun 2022;Benceno;Urbana de Tráfico;Interior M-30;Cuatro Caminos;0,3
Jun 2022;Benceno;Urbana de Tráfico;Interior M-30;Escuelas Aguirre;0,1
Jun 2022;Benceno;Urbana de Tráfico;Interior M-30;Ramón y Cajal;0,2
Jul 2022;Benceno;Suburbana;Noroeste;Casa de Campo;0,2
Jul 2022;Benceno;Urbana de Fondo;Noreste;Urbanización Embajada;0,2
Jul 2022;Benceno;Urbana de Fondo;Suroeste;Farolillo;0,1
Jul 2022;Benceno;Urbana de Tráfico;Interior M-30;Cuatro Caminos;0,3
Jul 2022;Benceno;Urbana de Tráfico;Interior M-30;Escuelas Aguirre;0,1
Jul 2022;Benceno;Urbana de Tráfico;Interior M-30;Ramón y Cajal;0,2
Ago 2022;Benceno;Suburbana;Noroeste;Casa de Campo;0,2
Ago 2022;Benceno;Urbana de Fondo;Noreste;Urbanización Embajada;0,2
Ago 2022;Benceno;Urbana de Fondo;Suroeste;Farolillo;0,1
Ago 2022;Benceno;Urbana de Tráfico;Interior M-30;Cuatro Caminos;0,2
Ago 2022;Benceno;Urbana de Tráfico;Interior M-30;Escuelas Aguirre;0,1
Ago 2022;Benceno;Urbana de Tráfico;Interior M-30;Ramón y Cajal;0,2
Sep 2022;Benceno;Suburbana;Noroeste;Casa de Campo;0,2
Sep 2022;Benceno;Urbana de Fondo;Noreste;Urbanización Embajada;0,2
Sep 2022;Benceno;Urbana de Fondo;Suroeste;Farolillo;0,1
Sep 2022;Benceno;Urbana de Tráfico;Interior M-30;Cuatro Caminos;0,3
Sep 2022;Benceno;Urbana de Tráfico;Interior M-30;Escuelas Aguirre;0,1
Sep 2022;Benceno;Urbana de Tráfico;Interior M-30;Ramón y Cajal;0,2
Oct 2022;Benceno;Suburbana;Noroeste;Casa de Campo;0,3
Oct 2022;Benceno;Urbana de Fondo;Noreste;Urbanización Embajada;0,3
Oct 2022;Benceno;Urbana de Fondo;Suroeste;Farolillo;0,1
Oct 2022;Benceno;Urbana de Tráfico;Interior M-30;Cuatro Caminos;0,4
Oct 2022;Benceno;Urbana de Tráfico;Interior M-30;Escuelas Aguirre;0,2
Oct 2022;Benceno;Urbana de Tráfico;Interior M-30;Ramón y Cajal;0,3
Nov 2022;Benceno;Suburbana;Noroeste;Casa de Campo;0,4
Nov 2022;Benceno;Urbana de Fondo;Noreste;Urbanización Embajada;0,4
Nov 2022;Benceno;Urbana de Fondo;Suroeste;Farolillo;0,1
Nov 2022;Benceno;Urbana de Tráfico;Interior M-30;Cuatro Caminos;0,3
Nov 2022;Benceno;Urbana de Tráfico;Interior M-30;Escuelas Aguirre;0,1
Nov 2022;Benceno;Urbana de Tráfico;Interior M-30;Ramón y Cajal;0,3
Dic 2022;Benceno;Suburbana;Noroeste;Casa de Campo;0,6
Dic 2022;Benceno;Urbana de Fondo;Noreste;Urbanización Embajada;0,4
Dic 2022;Benceno;Urbana de Fondo;Suroeste;Farolillo;0,1
Dic 2022;Benceno;Urbana de Tráfico;Interior M-30;Cuatro Caminos;0,6
Dic 2022;Benceno;Urbana de Tráfico;Interior M-30;Escuelas Aguirre;0,2
Dic 2022;Benceno;Urbana de Tráfico;Interior M-30;Ramón y Cajal;0,4
Ene 2023;Benceno;Suburbana;Noroeste;Casa de Campo;0,6
Ene 2023;Benceno;Urbana de Fondo;Noreste;Urbanización Embajada;0,4
Ene 2023;Benceno;Urbana de Fondo;Suroeste;Farolillo;0,2
Ene 2023;Benceno;Urbana de Tráfico;Interior M-30;Cuatro Caminos;0,7
Ene 2023;Benceno;Urbana de Tráfico;Interior M-30;Escuelas Aguirre;0,7
Ene 2023;Benceno;Urbana de Tráfico;Interior M-30;Ramón y Cajal;0,4
Feb 2023;Benceno;Suburbana;Noroeste;Casa de Campo;0,6
Feb 2023;Benceno;Urbana de Fondo;Noreste;Urbanización Embajada;0,4
Feb 2023;Benceno;Urbana de Fondo;Suroeste;Farolillo;0,3
Feb 2023;Benceno;Urbana de Tráfico;Interior M-30;Cuatro Caminos;0,7
Feb 2023;Benceno;Urbana de Tráfico;Interior M-30;Escuelas Aguirre;0,6
Feb 2023;Benceno;Urbana de Tráfico;Interior M-30;Ramón y Cajal;
Mar 2023;Benceno;Suburbana;Noroeste;Casa de Campo;0,3
Mar 2023;Benceno;Urbana de Fondo;Noreste;Urbanización Embajada;0,3
Mar 2023;Benceno;Urbana de Fondo;Suroeste;Farolillo;0,1
Mar 2023;Benceno;Urbana de Tráfico;Interior M-30;Cuatro Caminos;0,4
Mar 2023;Benceno;Urbana de Tráfico;Interior M-30;Escuelas Aguirre;0,4
Mar 2023;Benceno;Urbana de Tráfico;Interior M-30;Ramón y Cajal;0,4
Abr 2023;Benceno;Suburbana;Noroeste;Casa de Campo;0,2
Abr 2023;Benceno;Urbana de Fondo;Noreste;Urbanización Embajada;0,2
Abr 2023;Benceno;Urbana de Fondo;Suroeste;Farolillo;0,2
Abr 2023;Benceno;Urbana de Tráfico;Interior M-30;Cuatro Caminos;0,3
Abr 2023;Benceno;Urbana de Tráfico;Interior M-30;Escuelas Aguirre;0,3
Abr 2023;Benceno;Urbana de Tráfico;Interior M-30;Ramón y Cajal;0,3
May 2023;Benceno;Suburbana;Noroeste;Casa de Campo;0,1
May 2023;Benceno;Urbana de Fondo;Noreste;Urbanización Embajada;0,1
May 2023;Benceno;Urbana de Fondo;Suroeste;Farolillo;0,2
May 2023;Benceno;Urbana de Tráfico;Interior M-30;Cuatro Caminos;0,2
May 2023;Benceno;Urbana de Tráfico;Interior M-30;Escuelas Aguirre;0,2
May 2023;Benceno;Urbana de Tráfico;Interior M-30;Ramón y Cajal;0,2
Jun 2023;Benceno;Suburbana;Noroeste;Casa de Campo;0,1
Jun 2023;Benceno;Urbana de Fondo;Noreste;Urbanización Embajada;0,1
Jun 2023;Benceno;Urbana de Fondo;Suroeste;Farolillo;0,2
Jun 2023;Benceno;Urbana de Tráfico;Interior M-30;Cuatro Caminos;0,2
Jun 2023;Benceno;Urbana de Tráfico;Interior M-30;Escuelas Aguirre;0,4
Jun 2023;Benceno;Urbana de Tráfico;Interior M-30;Ramón y Cajal;0,2
Jul 2023;Benceno;Suburbana;Noroeste;Casa de Campo;0,1
Jul 2023;Benceno;Urbana de Fondo;Noreste;Urbanización Embajada;0,2
Jul 2023;Benceno;Urbana de Fondo;Suroeste;Farolillo;0,2
Jul 2023;Benceno;Urbana de Tráfico;Interior M-30;Cuatro Caminos;0,2
Jul 2023;Benceno;Urbana de Tráfico;Interior M-30;Escuelas Aguirre;0,4
Jul 2023;Benceno;Urbana de Tráfico;Interior M-30;Ramón y Cajal;0,2
Ago 2023;Benceno;Suburbana;Noroeste;Casa de Campo;0,1
Ago 2023;Benceno;Urbana de Fondo;Noreste;Urbanización Embajada;0,2
Ago 2023;Benceno;Urbana de Fondo;Suroeste;Farolillo;0,2
Ago 2023;Benceno;Urbana de Tráfico;Interior M-30;Cuatro Caminos;0,2
Ago 2023;Benceno;Urbana de Tráfico;Interior M-30;Escuelas Aguirre;0,3
Ago 2023;Benceno;Urbana de Tráfico;Interior M-30;Ramón y Cajal;0,2
Sep 2023;Benceno;Suburbana;Noroeste;Casa de Campo;0,2
Sep 2023;Benceno;Urbana de Fondo;Noreste;Urbanización Embajada;0,2
Sep 2023;Benceno;Urbana de Fondo;Suroeste;Farolillo;0,3
Sep 2023;Benceno;Urbana de Tráfico;Interior M-30;Cuatro Caminos;0,3
Sep 2023;Benceno;Urbana de Tráfico;Interior M-30;Escuelas Aguirre;0,3
Sep 2023;Benceno;Urbana de Tráfico;Interior M-30;Ramón y Cajal;0,5
Oct 2023;Benceno;Suburbana;Noroeste;Casa de Campo;0,2
Oct 2023;Benceno;Urbana de Fondo;Noreste;Urbanización Embajada;0,2
Oct 2023;Benceno;Urbana de Fondo;Suroeste;Farolillo;0,5
Oct 2023;Benceno;Urbana de Tráfico;Interior M-30;Cuatro Caminos;0,1
Oct 2023;Benceno;Urbana de Tráfico;Interior M-30;Escuelas Aguirre;0,3
Oct 2023;Benceno;Urbana de Tráfico;Interior M-30;Ramón y Cajal;0,6
Nov 2023;Benceno;Suburbana;Noroeste;Casa de Campo;0,4
Nov 2023;Benceno;Urbana de Fondo;Noreste;Urbanización Embajada;0,3
Nov 2023;Benceno;Urbana de Fondo;Suroeste;Farolillo;0,7
Nov 2023;Benceno;Urbana de Tráfico;Interior M-30;Cuatro Caminos;0,4
Nov 2023;Benceno;Urbana de Tráfico;Interior M-30;Escuelas Aguirre;0,6
Nov 2023;Benceno;Urbana de Tráfico;Interior M-30;Ramón y Cajal;0,7
Dic 2023;Benceno;Suburbana;Noroeste;Casa de Campo;0,7
Dic 2023;Benceno;Urbana de Fondo;Noreste;Urbanización Embajada;1,1
Dic 2023;Benceno;Urbana de Fondo;Suroeste;Farolillo;1,2
Dic 2023;Benceno;Urbana de Tráfico;Interior M-30;Cuatro Caminos;0,4
Dic 2023;Benceno;Urbana de Tráfico;Interior M-30;Escuelas Aguirre;0,8
Dic 2023;Benceno;Urbana de Tráfico;Interior M-30;Ramón y Cajal;1,1
Ene 2024;Benceno;Suburbana;Noroeste;Casa de Campo;0,6
Ene 2024;Benceno;Urbana de Fondo;Noreste;Urbanización Embajada;0,9
Ene 2024;Benceno;Urbana de Fondo;Suroeste;Farolillo;1,0
Ene 2024;Benceno;Urbana de Tráfico;Interior M-30;Cuatro Caminos;0,8
Ene 2024;Benceno;Urbana de Tráfico;Interior M-30;Escuelas Aguirre;0,5
Ene 2024;Benceno;Urbana de Tráfico;Interior M-30;Ramón y Cajal;0,8
Feb 2024;Benceno;Suburbana;Noroeste;Casa de Campo;
Feb 2024;Benceno;Urbana de Fondo;Noreste;Urbanización Embajada;0,7
Feb 2024;Benceno;Urbana de Fondo;Suroeste;Farolillo;0,6
Feb 2024;Benceno;Urbana de Tráfico;Interior M-30;Cuatro Caminos;0,7
Feb 2024;Benceno;Urbana de Tráfico;Interior M-30;Escuelas Aguirre;0,4
Feb 2024;Benceno;Urbana de Tráfico;Interior M-30;Ramón y Cajal;0,6
Mar 2024;Benceno;Suburbana;Noroeste;Casa de Campo;
Mar 2024;Benceno;Urbana de Fondo;Noreste;Urbanización Embajada;0,5
Mar 2024;Benceno;Urbana de Fondo;Suroeste;Farolillo;0,4
Mar 2024;Benceno;Urbana de Tráfico;Interior M-30;Cuatro Caminos;0,5
Mar 2024;Benceno;Urbana de Tráfico;Interior M-30;Escuelas Aguirre;0,3
Mar 2024;Benceno;Urbana de Tráfico;Interior M-30;Ramón y Cajal;0,4
Abr 2024;Benceno;Suburbana;Noroeste;Casa de Campo;
Abr 2024;Benceno;Urbana de Fondo;Noreste;Urbanización Embajada;0,5
Abr 2024;Benceno;Urbana de Fondo;Suroeste;Farolillo;0,3
Abr 2024;Benceno;Urbana de Tráfico;Interior M-30;Cuatro Caminos;0,4
Abr 2024;Benceno;Urbana de Tráfico;Interior M-30;Escuelas Aguirre;0,1
Abr 2024;Benceno;Urbana de Tráfico;Interior M-30;Ramón y Cajal;0,3
May 2024;Benceno;Suburbana;Noroeste;Casa de Campo;
May 2024;Benceno;Urbana de Fondo;Noreste;Urbanización Embajada;0,5
May 2024;Benceno;Urbana de Fondo;Suroeste;Farolillo;0,3
May 2024;Benceno;Urbana de Tráfico;Interior M-30;Cuatro Caminos;0,3
May 2024;Benceno;Urbana de Tráfico;Interior M-30;Escuelas Aguirre;0,1
May 2024;Benceno;Urbana de Tráfico;Interior M-30;Ramón y Cajal;0,2
Jun 2024;Benceno;Suburbana;Noroeste;Casa de Campo;
Jun 2024;Benceno;Urbana de Fondo;Noreste;Urbanización Embajada;0,3
Jun 2024;Benceno;Urbana de Fondo;Suroeste;Farolillo;0,2
Jun 2024;Benceno;Urbana de Tráfico;Interior M-30;Cuatro Caminos;0,2
Jun 2024;Benceno;Urbana de Tráfico;Interior M-30;Escuelas Aguirre;0,1
Jun 2024;Benceno;Urbana de Tráfico;Interior M-30;Ramón y Cajal;0,2
Jul 2024;Benceno;Suburbana;Noroeste;Casa de Campo;
Jul 2024;Benceno;Urbana de Fondo;Noreste;Urbanización Embajada;0,4
Jul 2024;Benceno;Urbana de Fondo;Suroeste;Farolillo;0,2
Jul 2024;Benceno;Urbana de Tráfico;Interior M-30;Cuatro Caminos;0,2
Jul 2024;Benceno;Urbana de Tráfico;Interior M-30;Escuelas Aguirre;0,1
Jul 2024;Benceno;Urbana de Tráfico;Interior M-30;Ramón y Cajal;0,3
Ago 2024;Benceno;Suburbana;Noroeste;Casa de Campo;
Ago 2024;Benceno;Urbana de Fondo;Noreste;Urbanización Embajada;0,4
Ago 2024;Benceno;Urbana de Fondo;Suroeste;Farolillo;0,2
Ago 2024;Benceno;Urbana de Tráfico;Interior M-30;Cuatro Caminos;0,2
Ago 2024;Benceno;Urbana de Tráfico;Interior M-30;Escuelas Aguirre;0,1
Ago 2024;Benceno;Urbana de Tráfico;Interior M-30;Ramón y Cajal;0,2
Sep 2024;Benceno;Suburbana;Noroeste;Casa de Campo;
Sep 2024;Benceno;Urbana de Fondo;Noreste;Urbanización Embajada;0,3
Sep 2024;Benceno;Urbana de Fondo;Suroeste;Farolillo;0,3
Sep 2024;Benceno;Urbana de Tráfico;Interior M-30;Cuatro Caminos;0,3
Sep 2024;Benceno;Urbana de Tráfico;Interior M-30;Escuelas Aguirre;0,1
Sep 2024;Benceno;Urbana de Tráfico;Interior M-30;Ramón y Cajal;0,3
Oct 2024;Benceno;Suburbana;Noroeste;Casa de Campo;
Oct 2024;Benceno;Urbana de Fondo;Noreste;Urbanización Embajada;0,3
Oct 2024;Benceno;Urbana de Fondo;Suroeste;Farolillo;0,3
Oct 2024;Benceno;Urbana de Tráfico;Interior M-30;Cuatro Caminos;0,4
Oct 2024;Benceno;Urbana de Tráfico;Interior M-30;Escuelas Aguirre;0,1
Oct 2024;Benceno;Urbana de Tráfico;Interior M-30;Ramón y Cajal;0,4
Nov 2024;Benceno;Suburbana;Noroeste;Casa de Campo;
Nov 2024;Benceno;Urbana de Fondo;Noreste;Urbanización Embajada;0,5
Nov 2024;Benceno;Urbana de Fondo;Suroeste;Farolillo;0,6
Nov 2024;Benceno;Urbana de Tráfico;Interior M-30;Cuatro Caminos;0,8
Nov 2024;Benceno;Urbana de Tráfico;Interior M-30;Escuelas Aguirre;0,3
Nov 2024;Benceno;Urbana de Tráfico;Interior M-30;Ramón y Cajal;0,6
Dic 2024;Benceno;Suburbana;Noroeste;Casa de Campo;
Dic 2024;Benceno;Urbana de Fondo;Noreste;Urbanización Embajada;1,2
Dic 2024;Benceno;Urbana de Fondo;Suroeste;Farolillo;0,8
Dic 2024;Benceno;Urbana de Tráfico;Interior M-30;Cuatro Caminos;1,0
Dic 2024;Benceno;Urbana de Tráfico;Interior M-30;Escuelas Aguirre;1,4
Dic 2024;Benceno;Urbana de Tráfico;Interior M-30;Ramón y Cajal;0,7
